basens,nodeID,county,town_village_city,test_location_in_home,of_homes_tested,average_radon_pci_l,geo_mean,geo_s_d,highest_pci_l,_4_0_pci_l,_4_and_20pci_l,_20pci_l
http://health.data.ny.gov/resource/hbu9-xsrx/,http://health.data.ny.gov/resource/hbu9-xsrx/1,ALBANY,ALBANY,Basement,480,1.74,1.18,2.41,26.7,439,40,1
http://health.data.ny.gov/resource/hbu9-xsrx/,http://health.data.ny.gov/resource/hbu9-xsrx/2,ALBANY,ALBANY,1st Floor,155,1.15,0.47,3.44,24.8,145,9,1
http://health.data.ny.gov/resource/hbu9-xsrx/,http://health.data.ny.gov/resource/hbu9-xsrx/3,ALBANY,BERNE,Basement,34,12.47,3.64,3.09,273.6,20,12,2
http://health.data.ny.gov/resource/hbu9-xsrx/,http://health.data.ny.gov/resource/hbu9-xsrx/4,ALBANY,BERNE,1st Floor,14,2.11,1.29,3.04,8,12,2,0
http://health.data.ny.gov/resource/hbu9-xsrx/,http://health.data.ny.gov/resource/hbu9-xsrx/5,ALBANY,BETHLEHEM,Basement,407,2.44,1.5,2.46,41.1,360,41,6
http://health.data.ny.gov/resource/hbu9-xsrx/,http://health.data.ny.gov/resource/hbu9-xsrx/6,ALBANY,BETHLEHEM,1st Floor,70,1.32,0.87,2.51,12.1,69,1,0
http://health.data.ny.gov/resource/hbu9-xsrx/,http://health.data.ny.gov/resource/hbu9-xsrx/7,ALBANY,COEYMANS,Basement,65,5.89,3.64,2.8,33.7,36,26,3
http://health.data.ny.gov/resource/hbu9-xsrx/,http://health.data.ny.gov/resource/hbu9-xsrx/8,ALBANY,COEYMANS,1st Floor,22,1.45,0.87,3.05,5.4,20,2,0
http://health.data.ny.gov/resource/hbu9-xsrx/,http://health.data.ny.gov/resource/hbu9-xsrx/9,ALBANY,COHOES,Basement,149,3.2,1.73,3.11,36.8,115,32,2
http://health.data.ny.gov/resource/hbu9-xsrx/,http://health.data.ny.gov/resource/hbu9-xsrx/10,ALBANY,COHOES,1st Floor,116,0.89,0.51,2.93,8,111,5,0
http://health.data.ny.gov/resource/hbu9-xsrx/,http://health.data.ny.gov/resource/hbu9-xsrx/11,ALBANY,COLONIE,Basement,508,3.58,1.85,3.03,57.9,397,101,10
http://health.data.ny.gov/resource/hbu9-xsrx/,http://health.data.ny.gov/resource/hbu9-xsrx/12,ALBANY,COLONIE,1st Floor,192,1.6,0.72,3.05,27.5,181,8,3
http://health.data.ny.gov/resource/hbu9-xsrx/,http://health.data.ny.gov/resource/hbu9-xsrx/13,ALBANY,GREEN ISLAND,Basement,6,6.03,3.82,2.91,18.9,3,3,0
http://health.data.ny.gov/resource/hbu9-xsrx/,http://health.data.ny.gov/resource/hbu9-xsrx/14,ALBANY,GREEN ISLAND,1st Floor,2,0.5,0.5,1,0.5,2,0,0
http://health.data.ny.gov/resource/hbu9-xsrx/,http://health.data.ny.gov/resource/hbu9-xsrx/15,ALBANY,GUILDERLAND,Basement,334,5.6,2.18,3.26,147.1,252,65,17
http://health.data.ny.gov/resource/hbu9-xsrx/,http://health.data.ny.gov/resource/hbu9-xsrx/16,ALBANY,GUILDERLAND,1st Floor,134,2.58,1.09,3.55,34.9,113,18,3
http://health.data.ny.gov/resource/hbu9-xsrx/,http://health.data.ny.gov/resource/hbu9-xsrx/17,ALBANY,KNOX,Basement,17,4.04,2.31,3.07,18,12,5,0
http://health.data.ny.gov/resource/hbu9-xsrx/,http://health.data.ny.gov/resource/hbu9-xsrx/18,ALBANY,KNOX,1st Floor,4,1.33,0.77,3.51,3.4,4,0,0
http://health.data.ny.gov/resource/hbu9-xsrx/,http://health.data.ny.gov/resource/hbu9-xsrx/19,ALBANY,NEW SCOTLAND,Basement,357,17.53,5.16,4.68,394.6,147,145,65
http://health.data.ny.gov/resource/hbu9-xsrx/,http://health.data.ny.gov/resource/hbu9-xsrx/20,ALBANY,NEW SCOTLAND,1st Floor,163,6.38,2.03,4.53,89.8,112,40,11
http://health.data.ny.gov/resource/hbu9-xsrx/,http://health.data.ny.gov/resource/hbu9-xsrx/21,ALBANY,RENSSELAERVILLE,Basement,20,2.74,1.84,2.85,8.3,16,4,0
http://health.data.ny.gov/resource/hbu9-xsrx/,http://health.data.ny.gov/resource/hbu9-xsrx/22,ALBANY,RENSSELAERVILLE,1st Floor,11,1.47,0.88,2.73,6.8,10,1,0
http://health.data.ny.gov/resource/hbu9-xsrx/,http://health.data.ny.gov/resource/hbu9-xsrx/23,ALBANY,WATERVLIET,Basement,82,3.89,2.53,2.73,25.5,55,26,1
http://health.data.ny.gov/resource/hbu9-xsrx/,http://health.data.ny.gov/resource/hbu9-xsrx/24,ALBANY,WATERVLIET,1st Floor,83,1.46,0.74,3,15.6,76,7,0
http://health.data.ny.gov/resource/hbu9-xsrx/,http://health.data.ny.gov/resource/hbu9-xsrx/25,ALBANY,WESTERLO,Basement,21,4,2.46,3.05,20.1,13,7,1
http://health.data.ny.gov/resource/hbu9-xsrx/,http://health.data.ny.gov/resource/hbu9-xsrx/26,ALBANY,WESTERLO,1st Floor,4,5.93,2.25,5.56,18.9,3,1,0
http://health.data.ny.gov/resource/hbu9-xsrx/,http://health.data.ny.gov/resource/hbu9-xsrx/27,ALLEGANY,ALFRED,Basement,36,3.98,2.19,3.21,26.4,26,9,1
http://health.data.ny.gov/resource/hbu9-xsrx/,http://health.data.ny.gov/resource/hbu9-xsrx/28,ALLEGANY,ALFRED,1st Floor,10,0.63,0.43,2.68,1.9,10,0,0
http://health.data.ny.gov/resource/hbu9-xsrx/,http://health.data.ny.gov/resource/hbu9-xsrx/29,ALLEGANY,ALLEN,Basement,1,8.5,8.5,1,8.5,0,1,0
http://health.data.ny.gov/resource/hbu9-xsrx/,http://health.data.ny.gov/resource/hbu9-xsrx/30,ALLEGANY,ALMA,Basement,6,6.98,1.88,7.05,30,4,1,1
http://health.data.ny.gov/resource/hbu9-xsrx/,http://health.data.ny.gov/resource/hbu9-xsrx/31,ALLEGANY,ALMA,1st Floor,2,4.5,2.56,5.18,8.2,1,1,0
http://health.data.ny.gov/resource/hbu9-xsrx/,http://health.data.ny.gov/resource/hbu9-xsrx/32,ALLEGANY,ALMOND,Basement,18,7.7,4.9,2.72,25.7,8,9,1
http://health.data.ny.gov/resource/hbu9-xsrx/,http://health.data.ny.gov/resource/hbu9-xsrx/33,ALLEGANY,ALMOND,1st Floor,6,2.62,1.32,4.31,5.1,3,3,0
http://health.data.ny.gov/resource/hbu9-xsrx/,http://health.data.ny.gov/resource/hbu9-xsrx/34,ALLEGANY,AMITY,Basement,32,14.15,6.95,4.72,45.2,8,15,9
http://health.data.ny.gov/resource/hbu9-xsrx/,http://health.data.ny.gov/resource/hbu9-xsrx/35,ALLEGANY,AMITY,1st Floor,22,3.47,1.99,3.07,14.3,16,6,0
http://health.data.ny.gov/resource/hbu9-xsrx/,http://health.data.ny.gov/resource/hbu9-xsrx/36,ALLEGANY,ANDOVER,Basement,41,11.89,5.97,3.82,40.4,15,15,11
http://health.data.ny.gov/resource/hbu9-xsrx/,http://health.data.ny.gov/resource/hbu9-xsrx/37,ALLEGANY,ANDOVER,1st Floor,9,9.16,3.86,5.98,29.8,4,3,2
http://health.data.ny.gov/resource/hbu9-xsrx/,http://health.data.ny.gov/resource/hbu9-xsrx/38,ALLEGANY,ANGELICA,Basement,4,19.75,13.7,3.15,40.1,1,2,1
http://health.data.ny.gov/resource/hbu9-xsrx/,http://health.data.ny.gov/resource/hbu9-xsrx/39,ALLEGANY,ANGELICA,1st Floor,6,5,1.68,4.82,22,4,1,1
http://health.data.ny.gov/resource/hbu9-xsrx/,http://health.data.ny.gov/resource/hbu9-xsrx/40,ALLEGANY,BELFAST,Basement,15,11.18,3.78,3.21,117.2,7,7,1
http://health.data.ny.gov/resource/hbu9-xsrx/,http://health.data.ny.gov/resource/hbu9-xsrx/41,ALLEGANY,BELFAST,1st Floor,9,2.06,1.37,2.48,7.5,8,1,0
http://health.data.ny.gov/resource/hbu9-xsrx/,http://health.data.ny.gov/resource/hbu9-xsrx/42,ALLEGANY,BOLIVAR,Basement,27,7.01,3.7,3.69,24.6,13,12,2
http://health.data.ny.gov/resource/hbu9-xsrx/,http://health.data.ny.gov/resource/hbu9-xsrx/43,ALLEGANY,BOLIVAR,1st Floor,16,6.78,1.84,4.35,56.7,12,2,2
http://health.data.ny.gov/resource/hbu9-xsrx/,http://health.data.ny.gov/resource/hbu9-xsrx/44,ALLEGANY,BURNS,Basement,19,28.81,6.32,6.03,216.6,8,6,5
http://health.data.ny.gov/resource/hbu9-xsrx/,http://health.data.ny.gov/resource/hbu9-xsrx/45,ALLEGANY,BURNS,1st Floor,5,1.46,0.79,3.43,4.3,4,1,0
http://health.data.ny.gov/resource/hbu9-xsrx/,http://health.data.ny.gov/resource/hbu9-xsrx/46,ALLEGANY,CANEADEA,Basement,21,3.31,1.94,3.04,14,16,5,0
http://health.data.ny.gov/resource/hbu9-xsrx/,http://health.data.ny.gov/resource/hbu9-xsrx/47,ALLEGANY,CANEADEA,1st Floor,10,1.46,1.08,2.69,3.6,10,0,0
http://health.data.ny.gov/resource/hbu9-xsrx/,http://health.data.ny.gov/resource/hbu9-xsrx/48,ALLEGANY,CENTERVILLE,Basement,3,5.27,4.58,1.87,9.4,2,1,0
http://health.data.ny.gov/resource/hbu9-xsrx/,http://health.data.ny.gov/resource/hbu9-xsrx/49,ALLEGANY,CENTERVILLE,1st Floor,2,1.9,1.55,2.55,3,2,0,0
http://health.data.ny.gov/resource/hbu9-xsrx/,http://health.data.ny.gov/resource/hbu9-xsrx/50,ALLEGANY,CLARKSVILLE,Basement,6,5.58,3.5,3.29,10.8,3,3,0
http://health.data.ny.gov/resource/hbu9-xsrx/,http://health.data.ny.gov/resource/hbu9-xsrx/51,ALLEGANY,CLARKSVILLE,1st Floor,1,7.5,7.5,1,7.5,0,1,0
http://health.data.ny.gov/resource/hbu9-xsrx/,http://health.data.ny.gov/resource/hbu9-xsrx/52,ALLEGANY,CUBA,Basement,37,13.39,5.97,3.67,81.1,14,15,8
http://health.data.ny.gov/resource/hbu9-xsrx/,http://health.data.ny.gov/resource/hbu9-xsrx/53,ALLEGANY,CUBA,1st Floor,21,3.76,1.8,3.27,29.4,16,4,1
http://health.data.ny.gov/resource/hbu9-xsrx/,http://health.data.ny.gov/resource/hbu9-xsrx/54,ALLEGANY,FRIENDSHIP,Basement,10,17.97,9.6,3.44,65.8,2,5,3
http://health.data.ny.gov/resource/hbu9-xsrx/,http://health.data.ny.gov/resource/hbu9-xsrx/55,ALLEGANY,FRIENDSHIP,1st Floor,6,5.97,3.55,3.56,17.6,3,3,0
http://health.data.ny.gov/resource/hbu9-xsrx/,http://health.data.ny.gov/resource/hbu9-xsrx/56,ALLEGANY,GENESEE,Basement,5,5.18,3.57,2.86,10.9,2,3,0
http://health.data.ny.gov/resource/hbu9-xsrx/,http://health.data.ny.gov/resource/hbu9-xsrx/57,ALLEGANY,GENESEE,1st Floor,3,3.13,1.21,5.65,8.4,2,1,0
http://health.data.ny.gov/resource/hbu9-xsrx/,http://health.data.ny.gov/resource/hbu9-xsrx/58,ALLEGANY,GRANGER,Basement,2,1.3,1.24,1.57,1.7,2,0,0
http://health.data.ny.gov/resource/hbu9-xsrx/,http://health.data.ny.gov/resource/hbu9-xsrx/59,ALLEGANY,GRANGER,1st Floor,2,0.4,0.26,3.96,0.7,2,0,0
http://health.data.ny.gov/resource/hbu9-xsrx/,http://health.data.ny.gov/resource/hbu9-xsrx/60,ALLEGANY,GROVE,Basement,2,1.75,0.98,5.33,3.2,2,0,0
http://health.data.ny.gov/resource/hbu9-xsrx/,http://health.data.ny.gov/resource/hbu9-xsrx/61,ALLEGANY,HUME,Basement,38,8.46,5.2,2.89,42.6,14,21,3
http://health.data.ny.gov/resource/hbu9-xsrx/,http://health.data.ny.gov/resource/hbu9-xsrx/62,ALLEGANY,HUME,1st Floor,19,2.66,1.54,2.87,12.2,15,4,0
http://health.data.ny.gov/resource/hbu9-xsrx/,http://health.data.ny.gov/resource/hbu9-xsrx/63,ALLEGANY,INDEPENDENCE,Basement,6,5.83,4.21,2.44,15.5,3,3,0
http://health.data.ny.gov/resource/hbu9-xsrx/,http://health.data.ny.gov/resource/hbu9-xsrx/64,ALLEGANY,INDEPENDENCE,1st Floor,6,3.57,2.45,2.51,8.2,4,2,0
http://health.data.ny.gov/resource/hbu9-xsrx/,http://health.data.ny.gov/resource/hbu9-xsrx/65,ALLEGANY,NEW HUDSON,Basement,2,1.5,1.2,2.67,2.4,2,0,0
http://health.data.ny.gov/resource/hbu9-xsrx/,http://health.data.ny.gov/resource/hbu9-xsrx/66,ALLEGANY,NEW HUDSON,1st Floor,1,0.6,0.6,1,0.6,1,0,0
http://health.data.ny.gov/resource/hbu9-xsrx/,http://health.data.ny.gov/resource/hbu9-xsrx/67,ALLEGANY,RUSHFORD,Basement,11,4.1,2.01,3.66,23.9,9,1,1
http://health.data.ny.gov/resource/hbu9-xsrx/,http://health.data.ny.gov/resource/hbu9-xsrx/68,ALLEGANY,SCIO,Basement,14,13.07,5.4,4.72,48.1,7,3,4
http://health.data.ny.gov/resource/hbu9-xsrx/,http://health.data.ny.gov/resource/hbu9-xsrx/69,ALLEGANY,SCIO,1st Floor,7,2.96,1.31,4.5,12,6,1,0
http://health.data.ny.gov/resource/hbu9-xsrx/,http://health.data.ny.gov/resource/hbu9-xsrx/70,ALLEGANY,W. ALMOND,Basement,3,2.5,2.47,1.2,2.8,3,0,0
http://health.data.ny.gov/resource/hbu9-xsrx/,http://health.data.ny.gov/resource/hbu9-xsrx/71,ALLEGANY,W. ALMOND,1st Floor,1,2.8,2.8,1,2.8,1,0,0
http://health.data.ny.gov/resource/hbu9-xsrx/,http://health.data.ny.gov/resource/hbu9-xsrx/72,ALLEGANY,WARD,Basement,6,12.47,6.19,4.26,26.4,3,1,2
http://health.data.ny.gov/resource/hbu9-xsrx/,http://health.data.ny.gov/resource/hbu9-xsrx/73,ALLEGANY,WARD,1st Floor,2,8.7,8.53,1.32,10.4,0,2,0
http://health.data.ny.gov/resource/hbu9-xsrx/,http://health.data.ny.gov/resource/hbu9-xsrx/74,ALLEGANY,WELLSVILLE,Basement,150,11.99,5.48,3.7,113.8,58,73,19
http://health.data.ny.gov/resource/hbu9-xsrx/,http://health.data.ny.gov/resource/hbu9-xsrx/75,ALLEGANY,WELLSVILLE,1st Floor,56,2.76,1.03,4.18,42.9,47,8,1
http://health.data.ny.gov/resource/hbu9-xsrx/,http://health.data.ny.gov/resource/hbu9-xsrx/76,ALLEGANY,WILLING,Basement,6,16.52,12.69,2.36,38.1,1,4,1
http://health.data.ny.gov/resource/hbu9-xsrx/,http://health.data.ny.gov/resource/hbu9-xsrx/77,ALLEGANY,WILLING,1st Floor,1,1.3,1.3,1,1.3,1,0,0
http://health.data.ny.gov/resource/hbu9-xsrx/,http://health.data.ny.gov/resource/hbu9-xsrx/78,ALLEGANY,WIRT,Basement,2,1.25,1.2,1.5,1.6,2,0,0
http://health.data.ny.gov/resource/hbu9-xsrx/,http://health.data.ny.gov/resource/hbu9-xsrx/79,ALLEGANY,WIRT,1st Floor,1,0.2,0.2,1,0.2,1,0,0
http://health.data.ny.gov/resource/hbu9-xsrx/,http://health.data.ny.gov/resource/hbu9-xsrx/80,BROOME,BARKER,Basement,9,4.97,3.75,2.3,14.2,4,5,0
http://health.data.ny.gov/resource/hbu9-xsrx/,http://health.data.ny.gov/resource/hbu9-xsrx/81,BROOME,BINGHAMTON,Basement,1037,6.34,3.07,3.39,118.8,616,355,66
http://health.data.ny.gov/resource/hbu9-xsrx/,http://health.data.ny.gov/resource/hbu9-xsrx/82,BROOME,BINGHAMTON,1st Floor,296,2.59,1.32,3.22,34.1,241,52,3
http://health.data.ny.gov/resource/hbu9-xsrx/,http://health.data.ny.gov/resource/hbu9-xsrx/83,BROOME,CHENANGO,Basement,139,8.55,5.24,2.72,69.7,60,64,15
http://health.data.ny.gov/resource/hbu9-xsrx/,http://health.data.ny.gov/resource/hbu9-xsrx/84,BROOME,CHENANGO,1st Floor,45,3.43,1.95,3.57,19.5,29,16,0
http://health.data.ny.gov/resource/hbu9-xsrx/,http://health.data.ny.gov/resource/hbu9-xsrx/85,BROOME,COLESVILLE,Basement,39,6.16,3.17,3.15,61.4,24,13,2
http://health.data.ny.gov/resource/hbu9-xsrx/,http://health.data.ny.gov/resource/hbu9-xsrx/86,BROOME,COLESVILLE,1st Floor,21,2.14,1.25,2.82,12,19,2,0
http://health.data.ny.gov/resource/hbu9-xsrx/,http://health.data.ny.gov/resource/hbu9-xsrx/87,BROOME,CONKLIN,Basement,56,11.56,6.16,3.37,108.1,19,30,7
http://health.data.ny.gov/resource/hbu9-xsrx/,http://health.data.ny.gov/resource/hbu9-xsrx/88,BROOME,CONKLIN,1st Floor,29,6.46,2.72,4.36,32.9,16,11,2
http://health.data.ny.gov/resource/hbu9-xsrx/,http://health.data.ny.gov/resource/hbu9-xsrx/89,BROOME,DICKINSON,Basement,45,8.7,4.37,3.08,94,20,20,5
http://health.data.ny.gov/resource/hbu9-xsrx/,http://health.data.ny.gov/resource/hbu9-xsrx/90,BROOME,DICKINSON,1st Floor,11,3.55,1.75,3.95,12.4,7,4,0
http://health.data.ny.gov/resource/hbu9-xsrx/,http://health.data.ny.gov/resource/hbu9-xsrx/91,BROOME,FENTON,Basement,88,16.77,6.41,3.59,210.7,35,36,17
http://health.data.ny.gov/resource/hbu9-xsrx/,http://health.data.ny.gov/resource/hbu9-xsrx/92,BROOME,FENTON,1st Floor,38,10.01,4.27,3.33,72.9,19,15,4
http://health.data.ny.gov/resource/hbu9-xsrx/,http://health.data.ny.gov/resource/hbu9-xsrx/93,BROOME,JOHNSON,Basement,7,2.23,1.78,2.06,5.2,6,1,0
http://health.data.ny.gov/resource/hbu9-xsrx/,http://health.data.ny.gov/resource/hbu9-xsrx/94,BROOME,JOHNSON,1st Floor,4,1.03,0.67,2.7,2.8,4,0,0
http://health.data.ny.gov/resource/hbu9-xsrx/,http://health.data.ny.gov/resource/hbu9-xsrx/95,BROOME,KIRKWOOD,Basement,63,9.09,4.47,3.51,86.6,30,26,7
http://health.data.ny.gov/resource/hbu9-xsrx/,http://health.data.ny.gov/resource/hbu9-xsrx/96,BROOME,KIRKWOOD,1st Floor,19,2.89,1.89,2.82,8.4,14,5,0
http://health.data.ny.gov/resource/hbu9-xsrx/,http://health.data.ny.gov/resource/hbu9-xsrx/97,BROOME,LISLE,Basement,12,13.17,4.14,3.94,102.2,8,2,2
http://health.data.ny.gov/resource/hbu9-xsrx/,http://health.data.ny.gov/resource/hbu9-xsrx/98,BROOME,LISLE,1st Floor,7,9.27,2.02,8.38,45.6,4,2,1
http://health.data.ny.gov/resource/hbu9-xsrx/,http://health.data.ny.gov/resource/hbu9-xsrx/99,BROOME,MAINE,Basement,26,3.37,1.79,3.22,23.1,21,4,1
http://health.data.ny.gov/resource/hbu9-xsrx/,http://health.data.ny.gov/resource/hbu9-xsrx/100,BROOME,MAINE,1st Floor,10,4.25,2.46,2.82,15.7,7,3,0
http://health.data.ny.gov/resource/hbu9-xsrx/,http://health.data.ny.gov/resource/hbu9-xsrx/101,BROOME,NANTICOKE,Basement,4,0.98,0.78,2.1,2.1,4,0,0
http://health.data.ny.gov/resource/hbu9-xsrx/,http://health.data.ny.gov/resource/hbu9-xsrx/102,BROOME,SANFORD,Basement,31,11.43,4.68,4.16,49.5,15,8,8
http://health.data.ny.gov/resource/hbu9-xsrx/,http://health.data.ny.gov/resource/hbu9-xsrx/103,BROOME,SANFORD,1st Floor,11,2.62,1.28,4.3,7.8,7,4,0
http://health.data.ny.gov/resource/hbu9-xsrx/,http://health.data.ny.gov/resource/hbu9-xsrx/104,BROOME,TRIANGLE,Basement,24,7.39,5.07,2.42,38.8,8,15,1
http://health.data.ny.gov/resource/hbu9-xsrx/,http://health.data.ny.gov/resource/hbu9-xsrx/105,BROOME,TRIANGLE,1st Floor,12,2.19,1.59,2.31,6.8,10,2,0
http://health.data.ny.gov/resource/hbu9-xsrx/,http://health.data.ny.gov/resource/hbu9-xsrx/106,BROOME,UNION,Basement,1117,3.84,2.26,2.82,46.3,781,312,23
http://health.data.ny.gov/resource/hbu9-xsrx/,http://health.data.ny.gov/resource/hbu9-xsrx/107,BROOME,UNION,1st Floor,267,1.99,1.12,2.97,17.8,237,30,0
http://health.data.ny.gov/resource/hbu9-xsrx/,http://health.data.ny.gov/resource/hbu9-xsrx/108,BROOME,VESTAL,Basement,495,5.36,2.53,3.43,87.8,333,133,29
http://health.data.ny.gov/resource/hbu9-xsrx/,http://health.data.ny.gov/resource/hbu9-xsrx/109,BROOME,VESTAL,1st Floor,114,4.04,1.74,3.39,60.9,89,20,5
http://health.data.ny.gov/resource/hbu9-xsrx/,http://health.data.ny.gov/resource/hbu9-xsrx/110,BROOME,WINDSOR,Basement,70,6.11,3.05,3.09,45.8,46,19,5
http://health.data.ny.gov/resource/hbu9-xsrx/,http://health.data.ny.gov/resource/hbu9-xsrx/111,BROOME,WINDSOR,1st Floor,24,3.9,2.45,2.68,15.9,15,9,0
http://health.data.ny.gov/resource/hbu9-xsrx/,http://health.data.ny.gov/resource/hbu9-xsrx/112,CATTARAUGUS,ALLEGANY,Basement,185,10.54,5.34,3.29,119.4,77,78,30
http://health.data.ny.gov/resource/hbu9-xsrx/,http://health.data.ny.gov/resource/hbu9-xsrx/113,CATTARAUGUS,ALLEGANY,1st Floor,47,4.5,2.37,3.68,16.6,29,18,0
http://health.data.ny.gov/resource/hbu9-xsrx/,http://health.data.ny.gov/resource/hbu9-xsrx/114,CATTARAUGUS,ASHFORD,Basement,25,10.25,3.79,3.95,94.4,12,10,3
http://health.data.ny.gov/resource/hbu9-xsrx/,http://health.data.ny.gov/resource/hbu9-xsrx/115,CATTARAUGUS,ASHFORD,1st Floor,10,2.77,1.06,4.31,16.4,9,1,0
http://health.data.ny.gov/resource/hbu9-xsrx/,http://health.data.ny.gov/resource/hbu9-xsrx/116,CATTARAUGUS,CARROLLTON,Basement,16,2.52,1.71,2.89,5.9,11,5,0
http://health.data.ny.gov/resource/hbu9-xsrx/,http://health.data.ny.gov/resource/hbu9-xsrx/117,CATTARAUGUS,CARROLLTON,1st Floor,3,0.63,0.6,1.5,0.9,3,0,0
http://health.data.ny.gov/resource/hbu9-xsrx/,http://health.data.ny.gov/resource/hbu9-xsrx/118,CATTARAUGUS,COLDSPRING,Basement,8,10.84,4.77,3.78,42.5,5,1,2
http://health.data.ny.gov/resource/hbu9-xsrx/,http://health.data.ny.gov/resource/hbu9-xsrx/119,CATTARAUGUS,COLDSPRING,1st Floor,7,3.27,2.54,2.22,6.5,5,2,0
http://health.data.ny.gov/resource/hbu9-xsrx/,http://health.data.ny.gov/resource/hbu9-xsrx/120,CATTARAUGUS,CONEWANGO,Basement,15,2.8,1.85,2.45,13.3,12,3,0
http://health.data.ny.gov/resource/hbu9-xsrx/,http://health.data.ny.gov/resource/hbu9-xsrx/121,CATTARAUGUS,CONEWANGO,1st Floor,3,3.53,2.98,2,6.6,2,1,0
http://health.data.ny.gov/resource/hbu9-xsrx/,http://health.data.ny.gov/resource/hbu9-xsrx/122,CATTARAUGUS,DAYTON,Basement,12,4.23,2.73,2.77,12.6,8,4,0
http://health.data.ny.gov/resource/hbu9-xsrx/,http://health.data.ny.gov/resource/hbu9-xsrx/123,CATTARAUGUS,DAYTON,1st Floor,10,1.52,0.81,3.57,5,9,1,0
http://health.data.ny.gov/resource/hbu9-xsrx/,http://health.data.ny.gov/resource/hbu9-xsrx/124,CATTARAUGUS,E. OTTO,Basement,4,10,3.35,5.2,34.6,3,0,1
http://health.data.ny.gov/resource/hbu9-xsrx/,http://health.data.ny.gov/resource/hbu9-xsrx/125,CATTARAUGUS,E. OTTO,1st Floor,2,1.25,1,2.67,2,2,0,0
http://health.data.ny.gov/resource/hbu9-xsrx/,http://health.data.ny.gov/resource/hbu9-xsrx/126,CATTARAUGUS,ELLICOTTVILLE,Basement,28,7.95,4.41,3.02,40,15,10,3
http://health.data.ny.gov/resource/hbu9-xsrx/,http://health.data.ny.gov/resource/hbu9-xsrx/127,CATTARAUGUS,ELLICOTTVILLE,1st Floor,13,2.62,1.88,2.38,6.4,9,4,0
http://health.data.ny.gov/resource/hbu9-xsrx/,http://health.data.ny.gov/resource/hbu9-xsrx/128,CATTARAUGUS,FARMERSVILLE,Basement,3,18.23,2.01,17.48,53.9,2,0,1
http://health.data.ny.gov/resource/hbu9-xsrx/,http://health.data.ny.gov/resource/hbu9-xsrx/129,CATTARAUGUS,FARMERSVILLE,1st Floor,2,0.15,0.14,1.63,0.2,2,0,0
http://health.data.ny.gov/resource/hbu9-xsrx/,http://health.data.ny.gov/resource/hbu9-xsrx/130,CATTARAUGUS,FRANKLINVILLE,Basement,49,9.67,5.24,3.64,38.2,18,24,7
http://health.data.ny.gov/resource/hbu9-xsrx/,http://health.data.ny.gov/resource/hbu9-xsrx/131,CATTARAUGUS,FRANKLINVILLE,1st Floor,34,3.94,2.21,3.72,11.7,20,14,0
http://health.data.ny.gov/resource/hbu9-xsrx/,http://health.data.ny.gov/resource/hbu9-xsrx/132,CATTARAUGUS,FREEDOM,Basement,18,7.78,4.59,2.84,28.4,8,7,3
http://health.data.ny.gov/resource/hbu9-xsrx/,http://health.data.ny.gov/resource/hbu9-xsrx/133,CATTARAUGUS,FREEDOM,1st Floor,8,1.76,0.69,4.92,7.4,7,1,0
http://health.data.ny.gov/resource/hbu9-xsrx/,http://health.data.ny.gov/resource/hbu9-xsrx/134,CATTARAUGUS,GREAT VALLEY,Basement,45,10.43,5.21,3.29,62.1,18,20,7
http://health.data.ny.gov/resource/hbu9-xsrx/,http://health.data.ny.gov/resource/hbu9-xsrx/135,CATTARAUGUS,GREAT VALLEY,1st Floor,10,3.63,2.26,2.73,12.3,7,3,0
http://health.data.ny.gov/resource/hbu9-xsrx/,http://health.data.ny.gov/resource/hbu9-xsrx/136,CATTARAUGUS,HINSDALE,Basement,47,12.01,5.5,3.83,61.5,20,16,11
http://health.data.ny.gov/resource/hbu9-xsrx/,http://health.data.ny.gov/resource/hbu9-xsrx/137,CATTARAUGUS,HINSDALE,1st Floor,11,4.4,2.17,4.76,10.5,5,6,0
http://health.data.ny.gov/resource/hbu9-xsrx/,http://health.data.ny.gov/resource/hbu9-xsrx/138,CATTARAUGUS,HUMPHREY,Basement,7,5.89,4.84,2.05,10.7,3,4,0
http://health.data.ny.gov/resource/hbu9-xsrx/,http://health.data.ny.gov/resource/hbu9-xsrx/139,CATTARAUGUS,HUMPHREY,1st Floor,2,1.55,1.51,1.38,1.9,2,0,0
http://health.data.ny.gov/resource/hbu9-xsrx/,http://health.data.ny.gov/resource/hbu9-xsrx/140,CATTARAUGUS,ISCHUA,Basement,13,5.46,4.29,2.06,17.3,5,8,0
http://health.data.ny.gov/resource/hbu9-xsrx/,http://health.data.ny.gov/resource/hbu9-xsrx/141,CATTARAUGUS,ISCHUA,1st Floor,3,1.2,1.06,1.92,1.6,3,0,0
http://health.data.ny.gov/resource/hbu9-xsrx/,http://health.data.ny.gov/resource/hbu9-xsrx/142,CATTARAUGUS,LEON,Basement,9,10.67,5.77,3.28,38.4,4,3,2
http://health.data.ny.gov/resource/hbu9-xsrx/,http://health.data.ny.gov/resource/hbu9-xsrx/143,CATTARAUGUS,LEON,1st Floor,1,0.8,0.8,1,0.8,1,0,0
http://health.data.ny.gov/resource/hbu9-xsrx/,http://health.data.ny.gov/resource/hbu9-xsrx/144,CATTARAUGUS,LITTLE VALLEY,Basement,58,15.49,9.88,2.88,64.9,10,34,14
http://health.data.ny.gov/resource/hbu9-xsrx/,http://health.data.ny.gov/resource/hbu9-xsrx/145,CATTARAUGUS,LITTLE VALLEY,1st Floor,27,7.05,4.93,2.64,32.1,9,17,1
http://health.data.ny.gov/resource/hbu9-xsrx/,http://health.data.ny.gov/resource/hbu9-xsrx/146,CATTARAUGUS,LYNDON,Basement,6,17.78,3.96,5.33,94.4,5,0,1
http://health.data.ny.gov/resource/hbu9-xsrx/,http://health.data.ny.gov/resource/hbu9-xsrx/147,CATTARAUGUS,LYNDON,1st Floor,2,1.05,0.73,3.55,1.8,2,0,0
http://health.data.ny.gov/resource/hbu9-xsrx/,http://health.data.ny.gov/resource/hbu9-xsrx/148,CATTARAUGUS,MACHIAS,Basement,37,13.16,5.99,3.94,56.7,15,14,8
http://health.data.ny.gov/resource/hbu9-xsrx/,http://health.data.ny.gov/resource/hbu9-xsrx/149,CATTARAUGUS,MACHIAS,1st Floor,13,8.42,2.03,4.9,73,10,2,1
http://health.data.ny.gov/resource/hbu9-xsrx/,http://health.data.ny.gov/resource/hbu9-xsrx/150,CATTARAUGUS,MANSFIELD,Basement,5,7.58,6.6,1.86,11.9,1,4,0
http://health.data.ny.gov/resource/hbu9-xsrx/,http://health.data.ny.gov/resource/hbu9-xsrx/151,CATTARAUGUS,MANSFIELD,1st Floor,3,1.9,1.11,3.43,4.6,2,1,0
http://health.data.ny.gov/resource/hbu9-xsrx/,http://health.data.ny.gov/resource/hbu9-xsrx/152,CATTARAUGUS,NAPOLI,Basement,8,1.56,0.68,4.57,6.3,7,1,0
http://health.data.ny.gov/resource/hbu9-xsrx/,http://health.data.ny.gov/resource/hbu9-xsrx/153,CATTARAUGUS,NAPOLI,1st Floor,6,3.6,2.07,3.37,12,5,1,0
http://health.data.ny.gov/resource/hbu9-xsrx/,http://health.data.ny.gov/resource/hbu9-xsrx/154,CATTARAUGUS,NEW ALBION,Basement,52,16.96,8.65,3.57,112.1,13,24,15
http://health.data.ny.gov/resource/hbu9-xsrx/,http://health.data.ny.gov/resource/hbu9-xsrx/155,CATTARAUGUS,NEW ALBION,1st Floor,18,6.01,2.47,4.51,30.1,12,5,1
http://health.data.ny.gov/resource/hbu9-xsrx/,http://health.data.ny.gov/resource/hbu9-xsrx/156,CATTARAUGUS,OLEAN,Basement,475,7.84,2.96,3.04,522.1,298,153,24
http://health.data.ny.gov/resource/hbu9-xsrx/,http://health.data.ny.gov/resource/hbu9-xsrx/157,CATTARAUGUS,OLEAN,1st Floor,113,3.35,1.26,3.63,64.6,93,17,3
http://health.data.ny.gov/resource/hbu9-xsrx/,http://health.data.ny.gov/resource/hbu9-xsrx/158,CATTARAUGUS,OTTO,Basement,15,3.83,3.2,1.85,11.6,9,6,0
http://health.data.ny.gov/resource/hbu9-xsrx/,http://health.data.ny.gov/resource/hbu9-xsrx/159,CATTARAUGUS,OTTO,1st Floor,5,1.58,1.53,1.36,2,5,0,0
http://health.data.ny.gov/resource/hbu9-xsrx/,http://health.data.ny.gov/resource/hbu9-xsrx/160,CATTARAUGUS,PERRYSBURG,Basement,32,6.17,3.43,3.03,22,20,9,3
http://health.data.ny.gov/resource/hbu9-xsrx/,http://health.data.ny.gov/resource/hbu9-xsrx/161,CATTARAUGUS,PERRYSBURG,1st Floor,4,1.48,0.62,4.91,4.6,3,1,0
http://health.data.ny.gov/resource/hbu9-xsrx/,http://health.data.ny.gov/resource/hbu9-xsrx/162,CATTARAUGUS,PERSIA,Basement,28,5.51,3.72,2.42,21,17,9,2
http://health.data.ny.gov/resource/hbu9-xsrx/,http://health.data.ny.gov/resource/hbu9-xsrx/163,CATTARAUGUS,PERSIA,1st Floor,7,2.07,1.16,4.07,4.6,5,2,0
http://health.data.ny.gov/resource/hbu9-xsrx/,http://health.data.ny.gov/resource/hbu9-xsrx/164,CATTARAUGUS,PORTVILLE,Basement,61,6.95,4.17,2.78,39.6,31,27,3
http://health.data.ny.gov/resource/hbu9-xsrx/,http://health.data.ny.gov/resource/hbu9-xsrx/165,CATTARAUGUS,PORTVILLE,1st Floor,24,2.55,1.39,2.98,12,20,4,0
http://health.data.ny.gov/resource/hbu9-xsrx/,http://health.data.ny.gov/resource/hbu9-xsrx/166,CATTARAUGUS,RANDOLPH,Basement,49,9.9,6.02,2.9,51.5,15,27,7
http://health.data.ny.gov/resource/hbu9-xsrx/,http://health.data.ny.gov/resource/hbu9-xsrx/167,CATTARAUGUS,RANDOLPH,1st Floor,14,4.04,1.81,5.12,11.5,8,6,0
http://health.data.ny.gov/resource/hbu9-xsrx/,http://health.data.ny.gov/resource/hbu9-xsrx/168,CATTARAUGUS,RED HOUSE,Basement,5,3.28,2.71,2.23,4.6,2,3,0
http://health.data.ny.gov/resource/hbu9-xsrx/,http://health.data.ny.gov/resource/hbu9-xsrx/169,CATTARAUGUS,RED HOUSE,1st Floor,4,2.55,1.8,2.55,6.3,3,1,0
http://health.data.ny.gov/resource/hbu9-xsrx/,http://health.data.ny.gov/resource/hbu9-xsrx/170,CATTARAUGUS,SALAMANCA,Basement,89,7.57,4.21,3.05,67.3,39,43,7
http://health.data.ny.gov/resource/hbu9-xsrx/,http://health.data.ny.gov/resource/hbu9-xsrx/171,CATTARAUGUS,SALAMANCA,1st Floor,47,2.81,1.85,2.55,11.1,35,12,0
http://health.data.ny.gov/resource/hbu9-xsrx/,http://health.data.ny.gov/resource/hbu9-xsrx/172,CATTARAUGUS,SO. VALLEY,Basement,2,4.45,3.65,2.51,7,1,1,0
http://health.data.ny.gov/resource/hbu9-xsrx/,http://health.data.ny.gov/resource/hbu9-xsrx/173,CATTARAUGUS,SO. VALLEY,1st Floor,2,0.6,0.45,3.12,1,2,0,0
http://health.data.ny.gov/resource/hbu9-xsrx/,http://health.data.ny.gov/resource/hbu9-xsrx/174,CATTARAUGUS,YORKSHIRE,Basement,33,19.78,9.38,3.52,162.7,7,19,7
http://health.data.ny.gov/resource/hbu9-xsrx/,http://health.data.ny.gov/resource/hbu9-xsrx/175,CATTARAUGUS,YORKSHIRE,1st Floor,15,3.55,2.05,3.52,12.7,10,5,0
http://health.data.ny.gov/resource/hbu9-xsrx/,http://health.data.ny.gov/resource/hbu9-xsrx/176,CAYUGA,AUBURN,Basement,627,4.31,2.71,2.54,106,434,179,14
http://health.data.ny.gov/resource/hbu9-xsrx/,http://health.data.ny.gov/resource/hbu9-xsrx/177,CAYUGA,AUBURN,1st Floor,380,2.14,1.15,3,91.2,335,44,1
http://health.data.ny.gov/resource/hbu9-xsrx/,http://health.data.ny.gov/resource/hbu9-xsrx/178,CAYUGA,AURELIUS,Basement,31,2.54,1.97,2.07,7.9,26,5,0
http://health.data.ny.gov/resource/hbu9-xsrx/,http://health.data.ny.gov/resource/hbu9-xsrx/179,CAYUGA,AURELIUS,1st Floor,21,1.35,0.82,3.3,4.6,19,2,0
http://health.data.ny.gov/resource/hbu9-xsrx/,http://health.data.ny.gov/resource/hbu9-xsrx/180,CAYUGA,BRUTUS,Basement,56,4.27,3.21,2.19,14.4,34,22,0
http://health.data.ny.gov/resource/hbu9-xsrx/,http://health.data.ny.gov/resource/hbu9-xsrx/181,CAYUGA,BRUTUS,1st Floor,55,2.37,1.41,2.9,12.7,46,9,0
http://health.data.ny.gov/resource/hbu9-xsrx/,http://health.data.ny.gov/resource/hbu9-xsrx/182,CAYUGA,CATO,Basement,30,3.4,1.89,3.04,23.5,25,4,1
http://health.data.ny.gov/resource/hbu9-xsrx/,http://health.data.ny.gov/resource/hbu9-xsrx/183,CAYUGA,CATO,1st Floor,34,1.27,0.89,2.46,5.1,32,2,0
http://health.data.ny.gov/resource/hbu9-xsrx/,http://health.data.ny.gov/resource/hbu9-xsrx/184,CAYUGA,CONQUEST,Basement,2,2.05,2.04,1.11,2.2,2,0,0
http://health.data.ny.gov/resource/hbu9-xsrx/,http://health.data.ny.gov/resource/hbu9-xsrx/185,CAYUGA,CONQUEST,1st Floor,12,0.89,0.53,2.86,3.9,12,0,0
http://health.data.ny.gov/resource/hbu9-xsrx/,http://health.data.ny.gov/resource/hbu9-xsrx/186,CAYUGA,FLEMING,Basement,34,4.64,2.83,2.81,20.1,23,10,1
http://health.data.ny.gov/resource/hbu9-xsrx/,http://health.data.ny.gov/resource/hbu9-xsrx/187,CAYUGA,FLEMING,1st Floor,32,2.45,1.39,3.02,12.9,25,7,0
http://health.data.ny.gov/resource/hbu9-xsrx/,http://health.data.ny.gov/resource/hbu9-xsrx/188,CAYUGA,GENOA,Basement,16,3.65,2.64,2.55,8.3,10,6,0
http://health.data.ny.gov/resource/hbu9-xsrx/,http://health.data.ny.gov/resource/hbu9-xsrx/189,CAYUGA,GENOA,1st Floor,16,1.79,0.88,3.28,10.4,14,2,0
http://health.data.ny.gov/resource/hbu9-xsrx/,http://health.data.ny.gov/resource/hbu9-xsrx/190,CAYUGA,IRA,Basement,3,2.47,2.01,2.13,4.8,2,1,0
http://health.data.ny.gov/resource/hbu9-xsrx/,http://health.data.ny.gov/resource/hbu9-xsrx/191,CAYUGA,IRA,1st Floor,12,3.24,1.97,2.58,16.4,10,2,0
http://health.data.ny.gov/resource/hbu9-xsrx/,http://health.data.ny.gov/resource/hbu9-xsrx/192,CAYUGA,LEDYARD,Basement,15,2.32,1.99,1.79,6.1,14,1,0
http://health.data.ny.gov/resource/hbu9-xsrx/,http://health.data.ny.gov/resource/hbu9-xsrx/193,CAYUGA,LEDYARD,1st Floor,21,0.97,0.53,2.85,6.8,20,1,0
http://health.data.ny.gov/resource/hbu9-xsrx/,http://health.data.ny.gov/resource/hbu9-xsrx/194,CAYUGA,LOCKE,Basement,18,10.64,6.04,3.01,43.8,8,6,4
http://health.data.ny.gov/resource/hbu9-xsrx/,http://health.data.ny.gov/resource/hbu9-xsrx/195,CAYUGA,LOCKE,1st Floor,19,3.52,1.79,3.27,23.6,14,4,1
http://health.data.ny.gov/resource/hbu9-xsrx/,http://health.data.ny.gov/resource/hbu9-xsrx/196,CAYUGA,MENTZ,Basement,15,3.21,2.46,2.21,10,11,4,0
http://health.data.ny.gov/resource/hbu9-xsrx/,http://health.data.ny.gov/resource/hbu9-xsrx/197,CAYUGA,MENTZ,1st Floor,11,1.63,1.02,3.13,5.1,10,1,0
http://health.data.ny.gov/resource/hbu9-xsrx/,http://health.data.ny.gov/resource/hbu9-xsrx/198,CAYUGA,MONTEZUMA,Basement,3,4,3.97,1.16,4.7,2,1,0
http://health.data.ny.gov/resource/hbu9-xsrx/,http://health.data.ny.gov/resource/hbu9-xsrx/199,CAYUGA,MONTEZUMA,1st Floor,5,0.86,0.68,2.29,1.5,5,0,0
http://health.data.ny.gov/resource/hbu9-xsrx/,http://health.data.ny.gov/resource/hbu9-xsrx/200,CAYUGA,MORAVIA,Basement,95,8.11,4.5,3.13,47.9,45,40,10
http://health.data.ny.gov/resource/hbu9-xsrx/,http://health.data.ny.gov/resource/hbu9-xsrx/201,CAYUGA,MORAVIA,1st Floor,84,3.58,1.69,3.83,32.2,62,20,2
http://health.data.ny.gov/resource/hbu9-xsrx/,http://health.data.ny.gov/resource/hbu9-xsrx/202,CAYUGA,NILES,Basement,8,5.61,3.46,3.6,12.7,3,5,0
http://health.data.ny.gov/resource/hbu9-xsrx/,http://health.data.ny.gov/resource/hbu9-xsrx/203,CAYUGA,NILES,1st Floor,6,0.95,0.88,1.57,1.3,6,0,0
http://health.data.ny.gov/resource/hbu9-xsrx/,http://health.data.ny.gov/resource/hbu9-xsrx/204,CAYUGA,OWASCO,Basement,47,3.05,2.44,2.05,8,34,13,0
http://health.data.ny.gov/resource/hbu9-xsrx/,http://health.data.ny.gov/resource/hbu9-xsrx/205,CAYUGA,OWASCO,1st Floor,36,1.73,1.21,2.41,6.1,32,4,0
http://health.data.ny.gov/resource/hbu9-xsrx/,http://health.data.ny.gov/resource/hbu9-xsrx/206,CAYUGA,SCIPIO,Basement,14,2.62,2.01,2.22,7.3,12,2,0
http://health.data.ny.gov/resource/hbu9-xsrx/,http://health.data.ny.gov/resource/hbu9-xsrx/207,CAYUGA,SCIPIO,1st Floor,7,1.49,1.29,1.83,2.7,7,0,0
http://health.data.ny.gov/resource/hbu9-xsrx/,http://health.data.ny.gov/resource/hbu9-xsrx/208,CAYUGA,SEMPRONIUS,Basement,8,5.35,4.4,1.99,10.3,4,4,0
http://health.data.ny.gov/resource/hbu9-xsrx/,http://health.data.ny.gov/resource/hbu9-xsrx/209,CAYUGA,SEMPRONIUS,1st Floor,3,6.3,5.87,1.62,8.6,1,2,0
http://health.data.ny.gov/resource/hbu9-xsrx/,http://health.data.ny.gov/resource/hbu9-xsrx/210,CAYUGA,SENNETT,Basement,55,8.03,3.84,3.04,145.6,27,25,3
http://health.data.ny.gov/resource/hbu9-xsrx/,http://health.data.ny.gov/resource/hbu9-xsrx/211,CAYUGA,SENNETT,1st Floor,28,3.38,1.91,2.76,20.4,23,4,1
http://health.data.ny.gov/resource/hbu9-xsrx/,http://health.data.ny.gov/resource/hbu9-xsrx/212,CAYUGA,SPRINGPORT,Basement,49,6.82,3.16,2.98,81.9,34,12,3
http://health.data.ny.gov/resource/hbu9-xsrx/,http://health.data.ny.gov/resource/hbu9-xsrx/213,CAYUGA,SPRINGPORT,1st Floor,45,3,1.55,3.3,23.7,36,8,1
http://health.data.ny.gov/resource/hbu9-xsrx/,http://health.data.ny.gov/resource/hbu9-xsrx/214,CAYUGA,STERLING,Basement,9,2.28,1.85,1.97,5,7,2,0
http://health.data.ny.gov/resource/hbu9-xsrx/,http://health.data.ny.gov/resource/hbu9-xsrx/215,CAYUGA,STERLING,1st Floor,5,0.94,0.78,1.95,2,5,0,0
http://health.data.ny.gov/resource/hbu9-xsrx/,http://health.data.ny.gov/resource/hbu9-xsrx/216,CAYUGA,SUMMERHILL,Basement,1,2.2,2.2,1,2.2,1,0,0
http://health.data.ny.gov/resource/hbu9-xsrx/,http://health.data.ny.gov/resource/hbu9-xsrx/217,CAYUGA,SUMMERHILL,1st Floor,1,1.4,1.4,1,1.4,1,0,0
http://health.data.ny.gov/resource/hbu9-xsrx/,http://health.data.ny.gov/resource/hbu9-xsrx/218,CAYUGA,THROOP,Basement,17,2.69,2.26,1.83,7.6,14,3,0
http://health.data.ny.gov/resource/hbu9-xsrx/,http://health.data.ny.gov/resource/hbu9-xsrx/219,CAYUGA,THROOP,1st Floor,9,2.64,1.5,3.42,9.3,7,2,0
http://health.data.ny.gov/resource/hbu9-xsrx/,http://health.data.ny.gov/resource/hbu9-xsrx/220,CAYUGA,VENICE,Basement,9,2.01,1.3,2.79,6.3,7,2,0
http://health.data.ny.gov/resource/hbu9-xsrx/,http://health.data.ny.gov/resource/hbu9-xsrx/221,CAYUGA,VENICE,1st Floor,9,3.24,2.53,2.07,8.5,7,2,0
http://health.data.ny.gov/resource/hbu9-xsrx/,http://health.data.ny.gov/resource/hbu9-xsrx/222,CAYUGA,VICTORY,Basement,5,2.28,1.5,3.13,4.3,3,2,0
http://health.data.ny.gov/resource/hbu9-xsrx/,http://health.data.ny.gov/resource/hbu9-xsrx/223,CAYUGA,VICTORY,1st Floor,2,1,0.87,2.17,1.5,2,0,0
http://health.data.ny.gov/resource/hbu9-xsrx/,http://health.data.ny.gov/resource/hbu9-xsrx/224,CHAUTAUQUA,ARKWRIGHT,Basement,2,1.8,1.61,1.97,2.6,2,0,0
http://health.data.ny.gov/resource/hbu9-xsrx/,http://health.data.ny.gov/resource/hbu9-xsrx/225,CHAUTAUQUA,BUSTI,Basement,38,3.18,1.96,2.62,18.7,30,8,0
http://health.data.ny.gov/resource/hbu9-xsrx/,http://health.data.ny.gov/resource/hbu9-xsrx/226,CHAUTAUQUA,BUSTI,1st Floor,8,1.4,0.86,3.18,4.1,7,1,0
http://health.data.ny.gov/resource/hbu9-xsrx/,http://health.data.ny.gov/resource/hbu9-xsrx/227,CHAUTAUQUA,CARROLL,Basement,30,10.03,6.67,2.77,26.8,11,14,5
http://health.data.ny.gov/resource/hbu9-xsrx/,http://health.data.ny.gov/resource/hbu9-xsrx/228,CHAUTAUQUA,CARROLL,1st Floor,2,0.55,0.49,2,0.8,2,0,0
http://health.data.ny.gov/resource/hbu9-xsrx/,http://health.data.ny.gov/resource/hbu9-xsrx/229,CHAUTAUQUA,CHARLOTTE,Basement,2,12.35,6.58,5.8,22.8,1,0,1
http://health.data.ny.gov/resource/hbu9-xsrx/,http://health.data.ny.gov/resource/hbu9-xsrx/230,CHAUTAUQUA,CHARLOTTE,1st Floor,1,0.2,0.2,1,0.2,1,0,0
http://health.data.ny.gov/resource/hbu9-xsrx/,http://health.data.ny.gov/resource/hbu9-xsrx/231,CHAUTAUQUA,CHAUTAUQUA,Basement,33,2.44,1.48,3.2,10.9,28,5,0
http://health.data.ny.gov/resource/hbu9-xsrx/,http://health.data.ny.gov/resource/hbu9-xsrx/232,CHAUTAUQUA,CHAUTAUQUA,1st Floor,5,1.1,0.58,3.84,3.2,5,0,0
http://health.data.ny.gov/resource/hbu9-xsrx/,http://health.data.ny.gov/resource/hbu9-xsrx/233,CHAUTAUQUA,CHERRY CREEK,Basement,9,5.23,2.93,4.56,9.9,4,5,0
http://health.data.ny.gov/resource/hbu9-xsrx/,http://health.data.ny.gov/resource/hbu9-xsrx/234,CHAUTAUQUA,CHERRY CREEK,1st Floor,11,2.73,1.62,3.07,9.6,8,3,0
http://health.data.ny.gov/resource/hbu9-xsrx/,http://health.data.ny.gov/resource/hbu9-xsrx/235,CHAUTAUQUA,CLYMER,Basement,26,7.78,4.97,2.86,22.4,12,13,1
http://health.data.ny.gov/resource/hbu9-xsrx/,http://health.data.ny.gov/resource/hbu9-xsrx/236,CHAUTAUQUA,CLYMER,1st Floor,4,4.75,2.47,3.78,13.7,3,1,0
http://health.data.ny.gov/resource/hbu9-xsrx/,http://health.data.ny.gov/resource/hbu9-xsrx/237,CHAUTAUQUA,DUNKIRK,Basement,72,1.86,1.03,2.89,22,66,5,1
http://health.data.ny.gov/resource/hbu9-xsrx/,http://health.data.ny.gov/resource/hbu9-xsrx/238,CHAUTAUQUA,DUNKIRK,1st Floor,16,1.16,0.67,3.25,5.3,15,1,0
http://health.data.ny.gov/resource/hbu9-xsrx/,http://health.data.ny.gov/resource/hbu9-xsrx/239,CHAUTAUQUA,ELLERY,Basement,22,10.96,2.71,6.04,102.1,14,5,3
http://health.data.ny.gov/resource/hbu9-xsrx/,http://health.data.ny.gov/resource/hbu9-xsrx/240,CHAUTAUQUA,ELLERY,1st Floor,9,3.34,1.9,2.8,14.5,7,2,0
http://health.data.ny.gov/resource/hbu9-xsrx/,http://health.data.ny.gov/resource/hbu9-xsrx/241,CHAUTAUQUA,ELLICOTT,Basement,59,5.37,2.97,2.9,36,38,19,2
http://health.data.ny.gov/resource/hbu9-xsrx/,http://health.data.ny.gov/resource/hbu9-xsrx/242,CHAUTAUQUA,ELLICOTT,1st Floor,14,2.79,0.79,5.57,14.9,12,2,0
http://health.data.ny.gov/resource/hbu9-xsrx/,http://health.data.ny.gov/resource/hbu9-xsrx/243,CHAUTAUQUA,ELLINGTON,Basement,7,6.56,4.4,2.8,15.4,4,3,0
http://health.data.ny.gov/resource/hbu9-xsrx/,http://health.data.ny.gov/resource/hbu9-xsrx/244,CHAUTAUQUA,ELLINGTON,1st Floor,2,0.3,0.22,3.12,0.5,2,0,0
http://health.data.ny.gov/resource/hbu9-xsrx/,http://health.data.ny.gov/resource/hbu9-xsrx/245,CHAUTAUQUA,GERRY,Basement,2,14.15,9.65,3.74,24.5,1,0,1
http://health.data.ny.gov/resource/hbu9-xsrx/,http://health.data.ny.gov/resource/hbu9-xsrx/246,CHAUTAUQUA,GERRY,1st Floor,2,0.45,0.28,4.35,0.8,2,0,0
http://health.data.ny.gov/resource/hbu9-xsrx/,http://health.data.ny.gov/resource/hbu9-xsrx/247,CHAUTAUQUA,HANOVER,Basement,82,4.88,2.4,3.06,97.7,61,18,3
http://health.data.ny.gov/resource/hbu9-xsrx/,http://health.data.ny.gov/resource/hbu9-xsrx/248,CHAUTAUQUA,HANOVER,1st Floor,19,1.74,0.9,3.2,11.5,17,2,0
http://health.data.ny.gov/resource/hbu9-xsrx/,http://health.data.ny.gov/resource/hbu9-xsrx/249,CHAUTAUQUA,HARMONY,Basement,7,1.7,1.13,3.44,3.2,7,0,0
http://health.data.ny.gov/resource/hbu9-xsrx/,http://health.data.ny.gov/resource/hbu9-xsrx/250,CHAUTAUQUA,HARMONY,1st Floor,1,1.6,1.6,1,1.6,1,0,0
http://health.data.ny.gov/resource/hbu9-xsrx/,http://health.data.ny.gov/resource/hbu9-xsrx/251,CHAUTAUQUA,JAMESTOWN,Basement,289,4.77,2.39,3.19,74.6,195,86,8
http://health.data.ny.gov/resource/hbu9-xsrx/,http://health.data.ny.gov/resource/hbu9-xsrx/252,CHAUTAUQUA,JAMESTOWN,1st Floor,63,2.43,1.06,3.48,38.6,54,8,1
http://health.data.ny.gov/resource/hbu9-xsrx/,http://health.data.ny.gov/resource/hbu9-xsrx/253,CHAUTAUQUA,KIANTONE,Basement,9,7.26,4.6,3.33,14.9,3,6,0
http://health.data.ny.gov/resource/hbu9-xsrx/,http://health.data.ny.gov/resource/hbu9-xsrx/254,CHAUTAUQUA,KIANTONE,1st Floor,2,0.9,0.85,1.63,1.2,2,0,0
http://health.data.ny.gov/resource/hbu9-xsrx/,http://health.data.ny.gov/resource/hbu9-xsrx/255,CHAUTAUQUA,MINA,Basement,3,11.07,7.21,3.9,17.2,1,2,0
http://health.data.ny.gov/resource/hbu9-xsrx/,http://health.data.ny.gov/resource/hbu9-xsrx/256,CHAUTAUQUA,NO. HARMONY,Basement,23,3.08,2.13,2.78,8,15,8,0
http://health.data.ny.gov/resource/hbu9-xsrx/,http://health.data.ny.gov/resource/hbu9-xsrx/257,CHAUTAUQUA,NO. HARMONY,1st Floor,3,0.93,0.81,1.95,1.5,3,0,0
http://health.data.ny.gov/resource/hbu9-xsrx/,http://health.data.ny.gov/resource/hbu9-xsrx/258,CHAUTAUQUA,POLAND,Basement,10,16.37,8.82,4.4,49.4,3,4,3
http://health.data.ny.gov/resource/hbu9-xsrx/,http://health.data.ny.gov/resource/hbu9-xsrx/259,CHAUTAUQUA,POLAND,1st Floor,5,6.32,1.68,9.11,22.2,2,2,1
http://health.data.ny.gov/resource/hbu9-xsrx/,http://health.data.ny.gov/resource/hbu9-xsrx/260,CHAUTAUQUA,POMFRET,Basement,137,6.43,2.89,3.32,131.3,87,43,7
http://health.data.ny.gov/resource/hbu9-xsrx/,http://health.data.ny.gov/resource/hbu9-xsrx/261,CHAUTAUQUA,POMFRET,1st Floor,32,3.46,1.04,4.13,58.7,27,4,1
http://health.data.ny.gov/resource/hbu9-xsrx/,http://health.data.ny.gov/resource/hbu9-xsrx/262,CHAUTAUQUA,PORTLAND,Basement,13,5.06,2.82,2.98,18.6,9,4,0
http://health.data.ny.gov/resource/hbu9-xsrx/,http://health.data.ny.gov/resource/hbu9-xsrx/263,CHAUTAUQUA,PORTLAND,1st Floor,4,0.7,0.41,3.39,1.9,4,0,0
http://health.data.ny.gov/resource/hbu9-xsrx/,http://health.data.ny.gov/resource/hbu9-xsrx/264,CHAUTAUQUA,RIPLEY,Basement,4,3.88,2.2,3.52,10.8,3,1,0
http://health.data.ny.gov/resource/hbu9-xsrx/,http://health.data.ny.gov/resource/hbu9-xsrx/265,CHAUTAUQUA,RIPLEY,1st Floor,5,0.8,0.7,1.75,1.7,5,0,0
http://health.data.ny.gov/resource/hbu9-xsrx/,http://health.data.ny.gov/resource/hbu9-xsrx/266,CHAUTAUQUA,SHERIDAN,Basement,22,11.85,4.16,4.51,57.9,13,4,5
http://health.data.ny.gov/resource/hbu9-xsrx/,http://health.data.ny.gov/resource/hbu9-xsrx/267,CHAUTAUQUA,SHERIDAN,1st Floor,2,0.9,0.85,1.63,1.2,2,0,0
http://health.data.ny.gov/resource/hbu9-xsrx/,http://health.data.ny.gov/resource/hbu9-xsrx/268,CHAUTAUQUA,SHERMAN,Basement,17,4.19,2.33,3.1,15.7,12,5,0
http://health.data.ny.gov/resource/hbu9-xsrx/,http://health.data.ny.gov/resource/hbu9-xsrx/269,CHAUTAUQUA,SHERMAN,1st Floor,2,2,2,1.07,2.1,2,0,0
http://health.data.ny.gov/resource/hbu9-xsrx/,http://health.data.ny.gov/resource/hbu9-xsrx/270,CHAUTAUQUA,STOCKTON,Basement,17,8.71,6.04,2.77,23.1,4,12,1
http://health.data.ny.gov/resource/hbu9-xsrx/,http://health.data.ny.gov/resource/hbu9-xsrx/271,CHAUTAUQUA,STOCKTON,1st Floor,3,2.27,1.44,3.1,5.3,2,1,0
http://health.data.ny.gov/resource/hbu9-xsrx/,http://health.data.ny.gov/resource/hbu9-xsrx/272,CHAUTAUQUA,VILLENOVA,Basement,1,5.3,5.3,1,5.3,0,1,0
http://health.data.ny.gov/resource/hbu9-xsrx/,http://health.data.ny.gov/resource/hbu9-xsrx/273,CHAUTAUQUA,WESTFIELD,Basement,67,14.18,6.46,3.87,141,25,28,14
http://health.data.ny.gov/resource/hbu9-xsrx/,http://health.data.ny.gov/resource/hbu9-xsrx/274,CHAUTAUQUA,WESTFIELD,1st Floor,18,8.09,2.98,4.79,52.8,10,6,2
http://health.data.ny.gov/resource/hbu9-xsrx/,http://health.data.ny.gov/resource/hbu9-xsrx/275,CHEMUNG,ASHLAND,Basement,18,5.44,3.07,2.71,28.1,12,5,1
http://health.data.ny.gov/resource/hbu9-xsrx/,http://health.data.ny.gov/resource/hbu9-xsrx/276,CHEMUNG,ASHLAND,1st Floor,10,3.31,1.12,5.81,12.6,7,3,0
http://health.data.ny.gov/resource/hbu9-xsrx/,http://health.data.ny.gov/resource/hbu9-xsrx/277,CHEMUNG,BALDWIN,Basement,6,2.35,1.73,2.32,5,4,2,0
http://health.data.ny.gov/resource/hbu9-xsrx/,http://health.data.ny.gov/resource/hbu9-xsrx/278,CHEMUNG,BALDWIN,1st Floor,5,1.32,0.84,2.79,3.9,5,0,0
http://health.data.ny.gov/resource/hbu9-xsrx/,http://health.data.ny.gov/resource/hbu9-xsrx/279,CHEMUNG,BIG FLATS,Basement,148,19.62,10.94,3.9,118.3,33,49,66
http://health.data.ny.gov/resource/hbu9-xsrx/,http://health.data.ny.gov/resource/hbu9-xsrx/280,CHEMUNG,BIG FLATS,1st Floor,37,6.84,2.9,5.14,29,19,15,3
http://health.data.ny.gov/resource/hbu9-xsrx/,http://health.data.ny.gov/resource/hbu9-xsrx/281,CHEMUNG,CATLIN,Basement,19,10.38,5.96,3.16,48,7,10,2
http://health.data.ny.gov/resource/hbu9-xsrx/,http://health.data.ny.gov/resource/hbu9-xsrx/282,CHEMUNG,CATLIN,1st Floor,7,1.44,1.11,2.28,2.9,7,0,0
http://health.data.ny.gov/resource/hbu9-xsrx/,http://health.data.ny.gov/resource/hbu9-xsrx/283,CHEMUNG,CHEMUNG,Basement,44,9.12,5.05,2.91,77.9,16,24,4
http://health.data.ny.gov/resource/hbu9-xsrx/,http://health.data.ny.gov/resource/hbu9-xsrx/284,CHEMUNG,CHEMUNG,1st Floor,7,5.34,2.94,2.98,22.2,5,1,1
http://health.data.ny.gov/resource/hbu9-xsrx/,http://health.data.ny.gov/resource/hbu9-xsrx/285,CHEMUNG,ELMIRA,Basement,1032,11.01,6.46,3.02,85.6,325,538,169
http://health.data.ny.gov/resource/hbu9-xsrx/,http://health.data.ny.gov/resource/hbu9-xsrx/286,CHEMUNG,ELMIRA,1st Floor,219,5.79,2.41,3.94,142.5,139,69,11
http://health.data.ny.gov/resource/hbu9-xsrx/,http://health.data.ny.gov/resource/hbu9-xsrx/287,CHEMUNG,ERIN,Basement,25,7.46,4.7,2.58,37.5,10,12,3
http://health.data.ny.gov/resource/hbu9-xsrx/,http://health.data.ny.gov/resource/hbu9-xsrx/288,CHEMUNG,ERIN,1st Floor,5,4.52,1.83,4.64,16,3,2,0
http://health.data.ny.gov/resource/hbu9-xsrx/,http://health.data.ny.gov/resource/hbu9-xsrx/289,CHEMUNG,HORSEHEADS,Basement,505,13.33,7.93,3.22,71.4,122,276,107
http://health.data.ny.gov/resource/hbu9-xsrx/,http://health.data.ny.gov/resource/hbu9-xsrx/290,CHEMUNG,HORSEHEADS,1st Floor,107,7.2,3.31,4.2,72.3,54,46,7
http://health.data.ny.gov/resource/hbu9-xsrx/,http://health.data.ny.gov/resource/hbu9-xsrx/291,CHEMUNG,SOUTHPORT,Basement,160,16.65,8.86,3.6,98.4,42,67,51
http://health.data.ny.gov/resource/hbu9-xsrx/,http://health.data.ny.gov/resource/hbu9-xsrx/292,CHEMUNG,SOUTHPORT,1st Floor,31,5.85,3.21,3.65,22.6,14,16,1
http://health.data.ny.gov/resource/hbu9-xsrx/,http://health.data.ny.gov/resource/hbu9-xsrx/293,CHEMUNG,VAN ETTEN,Basement,13,7.35,4.69,2.7,30.6,5,7,1
http://health.data.ny.gov/resource/hbu9-xsrx/,http://health.data.ny.gov/resource/hbu9-xsrx/294,CHEMUNG,VAN ETTEN,1st Floor,7,9.6,2.36,8.05,42.5,4,2,1
http://health.data.ny.gov/resource/hbu9-xsrx/,http://health.data.ny.gov/resource/hbu9-xsrx/295,CHEMUNG,VETERAN,Basement,45,11.61,5.15,4,98.2,20,19,6
http://health.data.ny.gov/resource/hbu9-xsrx/,http://health.data.ny.gov/resource/hbu9-xsrx/296,CHEMUNG,VETERAN,1st Floor,10,4.7,1.29,5.33,30.2,8,1,1
http://health.data.ny.gov/resource/hbu9-xsrx/,http://health.data.ny.gov/resource/hbu9-xsrx/297,CHENANGO,AFTON,Basement,22,6,2.52,4.21,43.8,12,9,1
http://health.data.ny.gov/resource/hbu9-xsrx/,http://health.data.ny.gov/resource/hbu9-xsrx/298,CHENANGO,AFTON,1st Floor,17,3.49,2.02,3.41,16.6,12,5,0
http://health.data.ny.gov/resource/hbu9-xsrx/,http://health.data.ny.gov/resource/hbu9-xsrx/299,CHENANGO,BAINBRIDGE,Basement,60,9.21,4.68,3.13,63.4,29,23,8
http://health.data.ny.gov/resource/hbu9-xsrx/,http://health.data.ny.gov/resource/hbu9-xsrx/300,CHENANGO,BAINBRIDGE,1st Floor,32,3.03,1.27,4.7,14.3,23,9,0
http://health.data.ny.gov/resource/hbu9-xsrx/,http://health.data.ny.gov/resource/hbu9-xsrx/301,CHENANGO,COLUMBUS,Basement,2,6.2,6.08,1.32,7.4,0,2,0
http://health.data.ny.gov/resource/hbu9-xsrx/,http://health.data.ny.gov/resource/hbu9-xsrx/302,CHENANGO,COLUMBUS,1st Floor,1,5.4,5.4,1,5.4,0,1,0
http://health.data.ny.gov/resource/hbu9-xsrx/,http://health.data.ny.gov/resource/hbu9-xsrx/303,CHENANGO,COVENTRY,Basement,4,2.83,2.54,1.75,4.5,3,1,0
http://health.data.ny.gov/resource/hbu9-xsrx/,http://health.data.ny.gov/resource/hbu9-xsrx/304,CHENANGO,GREENE,Basement,54,9.54,4.08,3.7,82.9,30,16,8
http://health.data.ny.gov/resource/hbu9-xsrx/,http://health.data.ny.gov/resource/hbu9-xsrx/305,CHENANGO,GREENE,1st Floor,33,5.23,1.37,4.87,75.2,27,4,2
http://health.data.ny.gov/resource/hbu9-xsrx/,http://health.data.ny.gov/resource/hbu9-xsrx/306,CHENANGO,GUILFORD,Basement,35,8.87,4.54,3.31,50.3,18,14,3
http://health.data.ny.gov/resource/hbu9-xsrx/,http://health.data.ny.gov/resource/hbu9-xsrx/307,CHENANGO,GUILFORD,1st Floor,17,1.85,1.03,3.67,8.5,16,1,0
http://health.data.ny.gov/resource/hbu9-xsrx/,http://health.data.ny.gov/resource/hbu9-xsrx/308,CHENANGO,LINCKLAEN,Basement,1,15.2,15.2,1,15.2,0,1,0
http://health.data.ny.gov/resource/hbu9-xsrx/,http://health.data.ny.gov/resource/hbu9-xsrx/309,CHENANGO,LINCKLAEN,1st Floor,2,10.65,10.65,1.02,10.8,0,2,0
http://health.data.ny.gov/resource/hbu9-xsrx/,http://health.data.ny.gov/resource/hbu9-xsrx/310,CHENANGO,MCDONOUGH,Basement,12,4.2,2.88,2.57,10.9,7,5,0
http://health.data.ny.gov/resource/hbu9-xsrx/,http://health.data.ny.gov/resource/hbu9-xsrx/311,CHENANGO,MCDONOUGH,1st Floor,5,12,1.54,12.86,52,3,1,1
http://health.data.ny.gov/resource/hbu9-xsrx/,http://health.data.ny.gov/resource/hbu9-xsrx/312,CHENANGO,NEW BERLIN,Basement,39,8.32,3.81,4.01,58.2,17,18,4
http://health.data.ny.gov/resource/hbu9-xsrx/,http://health.data.ny.gov/resource/hbu9-xsrx/313,CHENANGO,NEW BERLIN,1st Floor,29,4.43,1.91,4.46,29.7,16,12,1
http://health.data.ny.gov/resource/hbu9-xsrx/,http://health.data.ny.gov/resource/hbu9-xsrx/314,CHENANGO,NO. NORWICH,Basement,11,6.41,4.65,2.31,16.6,6,5,0
http://health.data.ny.gov/resource/hbu9-xsrx/,http://health.data.ny.gov/resource/hbu9-xsrx/315,CHENANGO,NO. NORWICH,1st Floor,4,0.88,0.4,5.04,1.9,4,0,0
http://health.data.ny.gov/resource/hbu9-xsrx/,http://health.data.ny.gov/resource/hbu9-xsrx/316,CHENANGO,NORWICH,Basement,268,10.98,5.83,3.19,105.5,91,136,41
http://health.data.ny.gov/resource/hbu9-xsrx/,http://health.data.ny.gov/resource/hbu9-xsrx/317,CHENANGO,NORWICH,1st Floor,190,3.43,1.3,4.56,50.4,146,41,3
http://health.data.ny.gov/resource/hbu9-xsrx/,http://health.data.ny.gov/resource/hbu9-xsrx/318,CHENANGO,OTSELIC,Basement,9,5.63,4.31,2.32,13.2,3,6,0
http://health.data.ny.gov/resource/hbu9-xsrx/,http://health.data.ny.gov/resource/hbu9-xsrx/319,CHENANGO,OTSELIC,1st Floor,5,1.7,1.05,3.22,4.8,4,1,0
http://health.data.ny.gov/resource/hbu9-xsrx/,http://health.data.ny.gov/resource/hbu9-xsrx/320,CHENANGO,OXFORD,Basement,50,9.81,4.66,3.69,46.9,24,18,8
http://health.data.ny.gov/resource/hbu9-xsrx/,http://health.data.ny.gov/resource/hbu9-xsrx/321,CHENANGO,OXFORD,1st Floor,32,3.71,1.84,3.49,23.2,24,6,2
http://health.data.ny.gov/resource/hbu9-xsrx/,http://health.data.ny.gov/resource/hbu9-xsrx/322,CHENANGO,PHARSALIA,Basement,1,3.1,3.1,1,3.1,1,0,0
http://health.data.ny.gov/resource/hbu9-xsrx/,http://health.data.ny.gov/resource/hbu9-xsrx/323,CHENANGO,PITCHER,Basement,4,11.18,6.62,3.23,31.2,1,2,1
http://health.data.ny.gov/resource/hbu9-xsrx/,http://health.data.ny.gov/resource/hbu9-xsrx/324,CHENANGO,PITCHER,1st Floor,3,1.7,0.84,6.41,3,3,0,0
http://health.data.ny.gov/resource/hbu9-xsrx/,http://health.data.ny.gov/resource/hbu9-xsrx/325,CHENANGO,PLYMOUTH,Basement,10,4.43,2.46,3.24,17.2,6,4,0
http://health.data.ny.gov/resource/hbu9-xsrx/,http://health.data.ny.gov/resource/hbu9-xsrx/326,CHENANGO,PLYMOUTH,1st Floor,9,1.28,0.62,3.74,4.8,8,1,0
http://health.data.ny.gov/resource/hbu9-xsrx/,http://health.data.ny.gov/resource/hbu9-xsrx/327,CHENANGO,PRESTON,Basement,2,2.45,2.04,2.4,3.8,2,0,0
http://health.data.ny.gov/resource/hbu9-xsrx/,http://health.data.ny.gov/resource/hbu9-xsrx/328,CHENANGO,PRESTON,1st Floor,1,2.7,2.7,1,2.7,1,0,0
http://health.data.ny.gov/resource/hbu9-xsrx/,http://health.data.ny.gov/resource/hbu9-xsrx/329,CHENANGO,SHERBURNE,Basement,65,12.18,6.33,3.2,94.9,21,35,9
http://health.data.ny.gov/resource/hbu9-xsrx/,http://health.data.ny.gov/resource/hbu9-xsrx/330,CHENANGO,SHERBURNE,1st Floor,44,3.49,1.64,3.4,38.9,33,10,1
http://health.data.ny.gov/resource/hbu9-xsrx/,http://health.data.ny.gov/resource/hbu9-xsrx/331,CHENANGO,SMITHVILLE,Basement,3,5.07,5.06,1.05,5.3,0,3,0
http://health.data.ny.gov/resource/hbu9-xsrx/,http://health.data.ny.gov/resource/hbu9-xsrx/332,CHENANGO,SMITHVILLE,1st Floor,1,25.7,25.7,1,25.7,0,0,1
http://health.data.ny.gov/resource/hbu9-xsrx/,http://health.data.ny.gov/resource/hbu9-xsrx/333,CHENANGO,SMYRNA,Basement,6,2.63,2.54,1.34,3.9,6,0,0
http://health.data.ny.gov/resource/hbu9-xsrx/,http://health.data.ny.gov/resource/hbu9-xsrx/334,CHENANGO,SMYRNA,1st Floor,6,1.17,0.88,2.45,2.2,6,0,0
http://health.data.ny.gov/resource/hbu9-xsrx/,http://health.data.ny.gov/resource/hbu9-xsrx/335,CLINTON,ALTONA,Basement,3,1.37,1.26,1.67,1.7,3,0,0
http://health.data.ny.gov/resource/hbu9-xsrx/,http://health.data.ny.gov/resource/hbu9-xsrx/336,CLINTON,ALTONA,1st Floor,5,1.16,0.69,3.52,3.3,5,0,0
http://health.data.ny.gov/resource/hbu9-xsrx/,http://health.data.ny.gov/resource/hbu9-xsrx/337,CLINTON,AUSABLE,Basement,11,0.9,0.72,2.02,2.4,11,0,0
http://health.data.ny.gov/resource/hbu9-xsrx/,http://health.data.ny.gov/resource/hbu9-xsrx/338,CLINTON,BEEKMANTOWN,Basement,7,2.87,1.48,3.52,11,6,1,0
http://health.data.ny.gov/resource/hbu9-xsrx/,http://health.data.ny.gov/resource/hbu9-xsrx/339,CLINTON,BEEKMANTOWN,1st Floor,2,0.5,0.49,1.33,0.6,2,0,0
http://health.data.ny.gov/resource/hbu9-xsrx/,http://health.data.ny.gov/resource/hbu9-xsrx/340,CLINTON,BLACK BROOK,Basement,4,2.78,2,2.57,6.5,3,1,0
http://health.data.ny.gov/resource/hbu9-xsrx/,http://health.data.ny.gov/resource/hbu9-xsrx/341,CLINTON,BLACK BROOK,1st Floor,2,0.3,0.28,1.63,0.4,2,0,0
http://health.data.ny.gov/resource/hbu9-xsrx/,http://health.data.ny.gov/resource/hbu9-xsrx/342,CLINTON,CHAMPLAIN,Basement,23,3.33,1.75,3.09,18.6,19,4,0
http://health.data.ny.gov/resource/hbu9-xsrx/,http://health.data.ny.gov/resource/hbu9-xsrx/343,CLINTON,CHAMPLAIN,1st Floor,4,0.53,0.52,1.21,0.6,4,0,0
http://health.data.ny.gov/resource/hbu9-xsrx/,http://health.data.ny.gov/resource/hbu9-xsrx/344,CLINTON,CHAZY,Basement,21,2.6,2.06,2.2,5.9,16,5,0
http://health.data.ny.gov/resource/hbu9-xsrx/,http://health.data.ny.gov/resource/hbu9-xsrx/345,CLINTON,CHAZY,1st Floor,9,1.31,0.66,3.52,5.6,8,1,0
http://health.data.ny.gov/resource/hbu9-xsrx/,http://health.data.ny.gov/resource/hbu9-xsrx/346,CLINTON,CLINTON,Basement,5,1,0.57,3.66,2.2,5,0,0
http://health.data.ny.gov/resource/hbu9-xsrx/,http://health.data.ny.gov/resource/hbu9-xsrx/347,CLINTON,CLINTON,1st Floor,3,4.23,1.41,6.63,11.6,2,1,0
http://health.data.ny.gov/resource/hbu9-xsrx/,http://health.data.ny.gov/resource/hbu9-xsrx/348,CLINTON,DANNEMORA,Basement,7,1.13,0.94,2.14,1.8,7,0,0
http://health.data.ny.gov/resource/hbu9-xsrx/,http://health.data.ny.gov/resource/hbu9-xsrx/349,CLINTON,DANNEMORA,1st Floor,2,0.75,0.71,1.63,1,2,0,0
http://health.data.ny.gov/resource/hbu9-xsrx/,http://health.data.ny.gov/resource/hbu9-xsrx/350,CLINTON,ELLENBURG,Basement,4,1.93,1.75,1.67,3,4,0,0
http://health.data.ny.gov/resource/hbu9-xsrx/,http://health.data.ny.gov/resource/hbu9-xsrx/351,CLINTON,ELLENBURG,1st Floor,4,1.35,0.91,2.65,3.5,4,0,0
http://health.data.ny.gov/resource/hbu9-xsrx/,http://health.data.ny.gov/resource/hbu9-xsrx/352,CLINTON,MOOERS,Basement,9,1.32,0.91,2.64,3.5,9,0,0
http://health.data.ny.gov/resource/hbu9-xsrx/,http://health.data.ny.gov/resource/hbu9-xsrx/353,CLINTON,MOOERS,1st Floor,1,1,1,1,1,1,0,0
http://health.data.ny.gov/resource/hbu9-xsrx/,http://health.data.ny.gov/resource/hbu9-xsrx/354,CLINTON,PERU,Basement,23,1.23,0.8,2.66,6.4,22,1,0
http://health.data.ny.gov/resource/hbu9-xsrx/,http://health.data.ny.gov/resource/hbu9-xsrx/355,CLINTON,PERU,1st Floor,8,0.45,0.3,2.61,1.3,8,0,0
http://health.data.ny.gov/resource/hbu9-xsrx/,http://health.data.ny.gov/resource/hbu9-xsrx/356,CLINTON,PLATTSBURGH,Basement,74,2.21,1.24,2.86,23.2,66,7,1
http://health.data.ny.gov/resource/hbu9-xsrx/,http://health.data.ny.gov/resource/hbu9-xsrx/357,CLINTON,PLATTSBURGH,1st Floor,30,1.25,0.63,3.1,11,28,2,0
http://health.data.ny.gov/resource/hbu9-xsrx/,http://health.data.ny.gov/resource/hbu9-xsrx/358,CLINTON,SARANAC,Basement,9,1.66,1.07,3.2,4.4,8,1,0
http://health.data.ny.gov/resource/hbu9-xsrx/,http://health.data.ny.gov/resource/hbu9-xsrx/359,CLINTON,SARANAC,1st Floor,4,1.5,0.74,5.02,3.2,4,0,0
http://health.data.ny.gov/resource/hbu9-xsrx/,http://health.data.ny.gov/resource/hbu9-xsrx/360,CLINTON,SCHUYLER FALLS,Basement,20,2.31,1.17,3.47,12.7,16,4,0
http://health.data.ny.gov/resource/hbu9-xsrx/,http://health.data.ny.gov/resource/hbu9-xsrx/361,CLINTON,SCHUYLER FALLS,1st Floor,6,1.1,0.9,2.03,2.5,6,0,0
http://health.data.ny.gov/resource/hbu9-xsrx/,http://health.data.ny.gov/resource/hbu9-xsrx/362,COLUMBIA,ANCRAM,Basement,18,11.14,8.75,2.06,31.5,2,13,3
http://health.data.ny.gov/resource/hbu9-xsrx/,http://health.data.ny.gov/resource/hbu9-xsrx/363,COLUMBIA,ANCRAM,1st Floor,11,2.45,1.45,3.06,8.9,9,2,0
http://health.data.ny.gov/resource/hbu9-xsrx/,http://health.data.ny.gov/resource/hbu9-xsrx/364,COLUMBIA,AUSTERLITZ,Basement,13,4.52,3.11,2.59,16.6,7,6,0
http://health.data.ny.gov/resource/hbu9-xsrx/,http://health.data.ny.gov/resource/hbu9-xsrx/365,COLUMBIA,AUSTERLITZ,1st Floor,5,1.86,0.99,4.25,5.6,4,1,0
http://health.data.ny.gov/resource/hbu9-xsrx/,http://health.data.ny.gov/resource/hbu9-xsrx/366,COLUMBIA,CANAAN,Basement,24,6.41,4.2,2.67,22.7,11,12,1
http://health.data.ny.gov/resource/hbu9-xsrx/,http://health.data.ny.gov/resource/hbu9-xsrx/367,COLUMBIA,CANAAN,1st Floor,21,3.06,1.61,3.71,12.4,16,5,0
http://health.data.ny.gov/resource/hbu9-xsrx/,http://health.data.ny.gov/resource/hbu9-xsrx/368,COLUMBIA,CHATHAM,Basement,80,9.32,4.31,2.66,298,38,39,3
http://health.data.ny.gov/resource/hbu9-xsrx/,http://health.data.ny.gov/resource/hbu9-xsrx/369,COLUMBIA,CHATHAM,1st Floor,47,2.69,1.66,2.77,15.9,41,6,0
http://health.data.ny.gov/resource/hbu9-xsrx/,http://health.data.ny.gov/resource/hbu9-xsrx/370,COLUMBIA,CLAVERACK,Basement,29,6.04,4.1,2.32,29.3,16,10,3
http://health.data.ny.gov/resource/hbu9-xsrx/,http://health.data.ny.gov/resource/hbu9-xsrx/371,COLUMBIA,CLAVERACK,1st Floor,9,1.26,0.94,2.25,4,8,1,0
http://health.data.ny.gov/resource/hbu9-xsrx/,http://health.data.ny.gov/resource/hbu9-xsrx/372,COLUMBIA,CLERMONT,Basement,29,7.7,4.75,2.86,27.9,13,13,3
http://health.data.ny.gov/resource/hbu9-xsrx/,http://health.data.ny.gov/resource/hbu9-xsrx/373,COLUMBIA,CLERMONT,1st Floor,12,7.41,4.01,3.7,18.4,6,6,0
http://health.data.ny.gov/resource/hbu9-xsrx/,http://health.data.ny.gov/resource/hbu9-xsrx/374,COLUMBIA,COPAKE,Basement,46,10.96,5.55,3.9,49.6,17,20,9
http://health.data.ny.gov/resource/hbu9-xsrx/,http://health.data.ny.gov/resource/hbu9-xsrx/375,COLUMBIA,COPAKE,1st Floor,29,3.01,1.84,2.85,12.2,24,5,0
http://health.data.ny.gov/resource/hbu9-xsrx/,http://health.data.ny.gov/resource/hbu9-xsrx/376,COLUMBIA,GALLATIN,Basement,9,6.92,5.32,2.28,13.7,4,5,0
http://health.data.ny.gov/resource/hbu9-xsrx/,http://health.data.ny.gov/resource/hbu9-xsrx/377,COLUMBIA,GALLATIN,1st Floor,7,6.8,2.47,6.26,24.1,5,1,1
http://health.data.ny.gov/resource/hbu9-xsrx/,http://health.data.ny.gov/resource/hbu9-xsrx/378,COLUMBIA,GERMANTOWN,Basement,31,5.28,2.62,3.6,45.5,15,15,1
http://health.data.ny.gov/resource/hbu9-xsrx/,http://health.data.ny.gov/resource/hbu9-xsrx/379,COLUMBIA,GERMANTOWN,1st Floor,17,1.97,1.05,3.95,6.5,14,3,0
http://health.data.ny.gov/resource/hbu9-xsrx/,http://health.data.ny.gov/resource/hbu9-xsrx/380,COLUMBIA,GHENT,Basement,41,8.04,4.94,3.22,28.7,14,24,3
http://health.data.ny.gov/resource/hbu9-xsrx/,http://health.data.ny.gov/resource/hbu9-xsrx/381,COLUMBIA,GHENT,1st Floor,20,3.08,2,3,9.9,14,6,0
http://health.data.ny.gov/resource/hbu9-xsrx/,http://health.data.ny.gov/resource/hbu9-xsrx/382,COLUMBIA,GREENPORT,Basement,5,2.06,1.73,2.11,3.2,5,0,0
http://health.data.ny.gov/resource/hbu9-xsrx/,http://health.data.ny.gov/resource/hbu9-xsrx/383,COLUMBIA,GREENPORT,1st Floor,4,0.48,0.42,1.78,0.8,4,0,0
http://health.data.ny.gov/resource/hbu9-xsrx/,http://health.data.ny.gov/resource/hbu9-xsrx/384,COLUMBIA,HILLSDALE,Basement,34,7.98,4.16,3.85,49.6,14,17,3
http://health.data.ny.gov/resource/hbu9-xsrx/,http://health.data.ny.gov/resource/hbu9-xsrx/385,COLUMBIA,HILLSDALE,1st Floor,19,2.46,1.02,4.78,8.3,14,5,0
http://health.data.ny.gov/resource/hbu9-xsrx/,http://health.data.ny.gov/resource/hbu9-xsrx/386,COLUMBIA,HUDSON C.,Basement,62,3.5,1.74,2.91,65.1,46,15,1
http://health.data.ny.gov/resource/hbu9-xsrx/,http://health.data.ny.gov/resource/hbu9-xsrx/387,COLUMBIA,HUDSON C.,1st Floor,22,1.76,0.72,3.74,10.7,20,2,0
http://health.data.ny.gov/resource/hbu9-xsrx/,http://health.data.ny.gov/resource/hbu9-xsrx/388,COLUMBIA,KINDERHOOK,Basement,141,6.51,3.75,3.2,80.6,63,73,5
http://health.data.ny.gov/resource/hbu9-xsrx/,http://health.data.ny.gov/resource/hbu9-xsrx/389,COLUMBIA,KINDERHOOK,1st Floor,56,3.43,1.96,3.35,22.5,38,17,1
http://health.data.ny.gov/resource/hbu9-xsrx/,http://health.data.ny.gov/resource/hbu9-xsrx/390,COLUMBIA,LIVINGSTON,Basement,26,6.84,4.87,2.26,35,10,14,2
http://health.data.ny.gov/resource/hbu9-xsrx/,http://health.data.ny.gov/resource/hbu9-xsrx/391,COLUMBIA,LIVINGSTON,1st Floor,9,5.24,3.06,4.22,15,4,5,0
http://health.data.ny.gov/resource/hbu9-xsrx/,http://health.data.ny.gov/resource/hbu9-xsrx/392,COLUMBIA,NEW LEBANON,Basement,24,2.84,2.04,2.4,9.9,19,5,0
http://health.data.ny.gov/resource/hbu9-xsrx/,http://health.data.ny.gov/resource/hbu9-xsrx/393,COLUMBIA,NEW LEBANON,1st Floor,8,2.23,1.62,2.59,4.3,7,1,0
http://health.data.ny.gov/resource/hbu9-xsrx/,http://health.data.ny.gov/resource/hbu9-xsrx/394,COLUMBIA,STOCKPORT,Basement,3,0.57,0.52,1.6,0.9,3,0,0
http://health.data.ny.gov/resource/hbu9-xsrx/,http://health.data.ny.gov/resource/hbu9-xsrx/395,COLUMBIA,STOCKPORT,1st Floor,1,1.6,1.6,1,1.6,1,0,0
http://health.data.ny.gov/resource/hbu9-xsrx/,http://health.data.ny.gov/resource/hbu9-xsrx/396,COLUMBIA,STUYVESANT,Basement,13,4.09,2.66,3.09,11.7,7,6,0
http://health.data.ny.gov/resource/hbu9-xsrx/,http://health.data.ny.gov/resource/hbu9-xsrx/397,COLUMBIA,STUYVESANT,1st Floor,8,2.33,1.52,2.49,8.6,7,1,0
http://health.data.ny.gov/resource/hbu9-xsrx/,http://health.data.ny.gov/resource/hbu9-xsrx/398,COLUMBIA,TAGHKANIC,Basement,26,6.71,3.47,3.05,56.1,16,9,1
http://health.data.ny.gov/resource/hbu9-xsrx/,http://health.data.ny.gov/resource/hbu9-xsrx/399,COLUMBIA,TAGHKANIC,1st Floor,13,2.26,1.01,3.82,11.8,10,3,0
http://health.data.ny.gov/resource/hbu9-xsrx/,http://health.data.ny.gov/resource/hbu9-xsrx/400,CORTLAND,CINCINNATUS,Basement,24,12.58,7.42,3.08,52.7,9,10,5
http://health.data.ny.gov/resource/hbu9-xsrx/,http://health.data.ny.gov/resource/hbu9-xsrx/401,CORTLAND,CINCINNATUS,1st Floor,15,3.78,1.72,3.72,16.7,11,4,0
http://health.data.ny.gov/resource/hbu9-xsrx/,http://health.data.ny.gov/resource/hbu9-xsrx/402,CORTLAND,CORTLAND,Basement,866,14.94,9.06,3.07,125.3,185,481,200
http://health.data.ny.gov/resource/hbu9-xsrx/,http://health.data.ny.gov/resource/hbu9-xsrx/403,CORTLAND,CORTLAND,1st Floor,351,6.98,3.58,3.58,76.7,169,156,26
http://health.data.ny.gov/resource/hbu9-xsrx/,http://health.data.ny.gov/resource/hbu9-xsrx/404,CORTLAND,CORTLANDVILLE,Basement,241,17.48,9.82,3.35,91.4,50,116,75
http://health.data.ny.gov/resource/hbu9-xsrx/,http://health.data.ny.gov/resource/hbu9-xsrx/405,CORTLAND,CORTLANDVILLE,1st Floor,65,6.63,3.04,4.11,41.2,38,22,5
http://health.data.ny.gov/resource/hbu9-xsrx/,http://health.data.ny.gov/resource/hbu9-xsrx/406,CORTLAND,CUYLER,Basement,5,4.48,3.07,3.69,6.4,1,4,0
http://health.data.ny.gov/resource/hbu9-xsrx/,http://health.data.ny.gov/resource/hbu9-xsrx/407,CORTLAND,CUYLER,1st Floor,5,2.94,1.54,4.03,9.1,4,1,0
http://health.data.ny.gov/resource/hbu9-xsrx/,http://health.data.ny.gov/resource/hbu9-xsrx/408,CORTLAND,FREETOWN,Basement,7,5.63,3.39,2.76,17.1,5,2,0
http://health.data.ny.gov/resource/hbu9-xsrx/,http://health.data.ny.gov/resource/hbu9-xsrx/409,CORTLAND,FREETOWN,1st Floor,9,0.79,0.42,3.36,2.5,9,0,0
http://health.data.ny.gov/resource/hbu9-xsrx/,http://health.data.ny.gov/resource/hbu9-xsrx/410,CORTLAND,HARFORD,Basement,13,5.12,2.47,4.05,26.8,9,3,1
http://health.data.ny.gov/resource/hbu9-xsrx/,http://health.data.ny.gov/resource/hbu9-xsrx/411,CORTLAND,HARFORD,1st Floor,5,1.42,0.89,3.77,2.7,5,0,0
http://health.data.ny.gov/resource/hbu9-xsrx/,http://health.data.ny.gov/resource/hbu9-xsrx/412,CORTLAND,HOMER,Basement,275,15.64,10.09,2.86,96.1,48,154,73
http://health.data.ny.gov/resource/hbu9-xsrx/,http://health.data.ny.gov/resource/hbu9-xsrx/413,CORTLAND,HOMER,1st Floor,119,7.19,4.3,3.34,34.8,51,59,9
http://health.data.ny.gov/resource/hbu9-xsrx/,http://health.data.ny.gov/resource/hbu9-xsrx/414,CORTLAND,LAPEER,Basement,7,7.69,5.98,2.21,19.5,2,5,0
http://health.data.ny.gov/resource/hbu9-xsrx/,http://health.data.ny.gov/resource/hbu9-xsrx/415,CORTLAND,LAPEER,1st Floor,2,0.35,0.32,1.91,0.5,2,0,0
http://health.data.ny.gov/resource/hbu9-xsrx/,http://health.data.ny.gov/resource/hbu9-xsrx/416,CORTLAND,MARATHON,Basement,37,6.54,3,4.03,44.6,20,15,2
http://health.data.ny.gov/resource/hbu9-xsrx/,http://health.data.ny.gov/resource/hbu9-xsrx/417,CORTLAND,MARATHON,1st Floor,28,3.2,1.6,3.73,13.7,22,6,0
http://health.data.ny.gov/resource/hbu9-xsrx/,http://health.data.ny.gov/resource/hbu9-xsrx/418,CORTLAND,PREBLE,Basement,30,14.56,8.76,3.08,54.4,6,16,8
http://health.data.ny.gov/resource/hbu9-xsrx/,http://health.data.ny.gov/resource/hbu9-xsrx/419,CORTLAND,PREBLE,1st Floor,12,9.41,6.25,2.85,30.8,4,7,1
http://health.data.ny.gov/resource/hbu9-xsrx/,http://health.data.ny.gov/resource/hbu9-xsrx/420,CORTLAND,SCOTT,Basement,15,10.26,4.36,4.62,38.7,7,5,3
http://health.data.ny.gov/resource/hbu9-xsrx/,http://health.data.ny.gov/resource/hbu9-xsrx/421,CORTLAND,SCOTT,1st Floor,1,5.9,5.9,1,5.9,0,1,0
http://health.data.ny.gov/resource/hbu9-xsrx/,http://health.data.ny.gov/resource/hbu9-xsrx/422,CORTLAND,SOLON,Basement,6,3.52,3.01,1.79,6.9,4,2,0
http://health.data.ny.gov/resource/hbu9-xsrx/,http://health.data.ny.gov/resource/hbu9-xsrx/423,CORTLAND,SOLON,1st Floor,5,7.4,3.14,4.59,21.4,3,1,1
http://health.data.ny.gov/resource/hbu9-xsrx/,http://health.data.ny.gov/resource/hbu9-xsrx/424,CORTLAND,TAYLOR,Basement,1,10.2,10.2,1,10.2,0,1,0
http://health.data.ny.gov/resource/hbu9-xsrx/,http://health.data.ny.gov/resource/hbu9-xsrx/425,CORTLAND,TAYLOR,1st Floor,1,3.8,3.8,1,3.8,1,0,0
http://health.data.ny.gov/resource/hbu9-xsrx/,http://health.data.ny.gov/resource/hbu9-xsrx/426,CORTLAND,TRUXTON,Basement,27,8.76,5.56,2.77,29.3,11,12,4
http://health.data.ny.gov/resource/hbu9-xsrx/,http://health.data.ny.gov/resource/hbu9-xsrx/427,CORTLAND,TRUXTON,1st Floor,13,5.34,3.3,3.29,17.4,6,7,0
http://health.data.ny.gov/resource/hbu9-xsrx/,http://health.data.ny.gov/resource/hbu9-xsrx/428,CORTLAND,VIRGIL,Basement,37,11.17,6.54,3.09,46.1,12,19,6
http://health.data.ny.gov/resource/hbu9-xsrx/,http://health.data.ny.gov/resource/hbu9-xsrx/429,CORTLAND,VIRGIL,1st Floor,10,4.85,2.65,4.23,13.3,5,5,0
http://health.data.ny.gov/resource/hbu9-xsrx/,http://health.data.ny.gov/resource/hbu9-xsrx/430,CORTLAND,WILLET,Basement,11,13.95,7.41,3.92,55.5,2,7,2
http://health.data.ny.gov/resource/hbu9-xsrx/,http://health.data.ny.gov/resource/hbu9-xsrx/431,CORTLAND,WILLET,1st Floor,3,5.17,4.22,2.11,10,2,1,0
http://health.data.ny.gov/resource/hbu9-xsrx/,http://health.data.ny.gov/resource/hbu9-xsrx/432,DELAWARE,ANDES,Basement,14,6.78,5.13,2.41,17.3,4,10,0
http://health.data.ny.gov/resource/hbu9-xsrx/,http://health.data.ny.gov/resource/hbu9-xsrx/433,DELAWARE,ANDES,1st Floor,15,3.08,1.59,3.83,11.7,12,3,0
http://health.data.ny.gov/resource/hbu9-xsrx/,http://health.data.ny.gov/resource/hbu9-xsrx/434,DELAWARE,BOVINA,Basement,19,3.82,3.11,2.03,9.8,10,9,0
http://health.data.ny.gov/resource/hbu9-xsrx/,http://health.data.ny.gov/resource/hbu9-xsrx/435,DELAWARE,BOVINA,1st Floor,8,1.46,1.08,2.39,3.5,8,0,0
http://health.data.ny.gov/resource/hbu9-xsrx/,http://health.data.ny.gov/resource/hbu9-xsrx/436,DELAWARE,COLCHESTER,Basement,15,7.81,3.64,4.15,30.7,5,8,2
http://health.data.ny.gov/resource/hbu9-xsrx/,http://health.data.ny.gov/resource/hbu9-xsrx/437,DELAWARE,COLCHESTER,1st Floor,19,3.53,1.8,3.24,21.2,14,4,1
http://health.data.ny.gov/resource/hbu9-xsrx/,http://health.data.ny.gov/resource/hbu9-xsrx/438,DELAWARE,DAVENPORT,Basement,35,17.58,7.22,4.16,152.4,9,20,6
http://health.data.ny.gov/resource/hbu9-xsrx/,http://health.data.ny.gov/resource/hbu9-xsrx/439,DELAWARE,DAVENPORT,1st Floor,20,5.67,2.61,4.01,34,13,6,1
http://health.data.ny.gov/resource/hbu9-xsrx/,http://health.data.ny.gov/resource/hbu9-xsrx/440,DELAWARE,DELHI,Basement,82,10.42,5.92,3.28,73.3,23,49,10
http://health.data.ny.gov/resource/hbu9-xsrx/,http://health.data.ny.gov/resource/hbu9-xsrx/441,DELAWARE,DELHI,1st Floor,106,5.97,2.54,4.07,39.7,66,29,11
http://health.data.ny.gov/resource/hbu9-xsrx/,http://health.data.ny.gov/resource/hbu9-xsrx/442,DELAWARE,DEPOSIT,Basement,19,7.4,5.36,2.33,29.1,6,12,1
http://health.data.ny.gov/resource/hbu9-xsrx/,http://health.data.ny.gov/resource/hbu9-xsrx/443,DELAWARE,DEPOSIT,1st Floor,12,3.73,2.79,2.29,8.9,6,6,0
http://health.data.ny.gov/resource/hbu9-xsrx/,http://health.data.ny.gov/resource/hbu9-xsrx/444,DELAWARE,FRANKLIN,Basement,43,4.69,2.62,3.48,22.7,25,16,2
http://health.data.ny.gov/resource/hbu9-xsrx/,http://health.data.ny.gov/resource/hbu9-xsrx/445,DELAWARE,FRANKLIN,1st Floor,38,4.14,2.02,3.65,37.4,24,13,1
http://health.data.ny.gov/resource/hbu9-xsrx/,http://health.data.ny.gov/resource/hbu9-xsrx/446,DELAWARE,HAMDEN,Basement,41,7.79,4.54,2.92,33,21,16,4
http://health.data.ny.gov/resource/hbu9-xsrx/,http://health.data.ny.gov/resource/hbu9-xsrx/447,DELAWARE,HAMDEN,1st Floor,40,4.78,1.43,5.72,28.6,26,12,2
http://health.data.ny.gov/resource/hbu9-xsrx/,http://health.data.ny.gov/resource/hbu9-xsrx/448,DELAWARE,HANCOCK,Basement,27,5.87,3.08,3.02,53.1,15,11,1
http://health.data.ny.gov/resource/hbu9-xsrx/,http://health.data.ny.gov/resource/hbu9-xsrx/449,DELAWARE,HANCOCK,1st Floor,33,1.72,1.06,2.8,7,29,4,0
http://health.data.ny.gov/resource/hbu9-xsrx/,http://health.data.ny.gov/resource/hbu9-xsrx/450,DELAWARE,HARPERSFIELD,Basement,18,2.18,1.41,3.32,5.9,17,1,0
http://health.data.ny.gov/resource/hbu9-xsrx/,http://health.data.ny.gov/resource/hbu9-xsrx/451,DELAWARE,HARPERSFIELD,1st Floor,8,2,1.23,3.47,5.8,7,1,0
http://health.data.ny.gov/resource/hbu9-xsrx/,http://health.data.ny.gov/resource/hbu9-xsrx/452,DELAWARE,KORTRIGHT,Basement,27,9.19,5.33,2.89,42.9,13,10,4
http://health.data.ny.gov/resource/hbu9-xsrx/,http://health.data.ny.gov/resource/hbu9-xsrx/453,DELAWARE,KORTRIGHT,1st Floor,19,1.82,1.18,2.36,9,17,2,0
http://health.data.ny.gov/resource/hbu9-xsrx/,http://health.data.ny.gov/resource/hbu9-xsrx/454,DELAWARE,MASONVILLE,Basement,11,10.85,2.3,7.74,58.8,7,2,2
http://health.data.ny.gov/resource/hbu9-xsrx/,http://health.data.ny.gov/resource/hbu9-xsrx/455,DELAWARE,MASONVILLE,1st Floor,8,0.53,0.36,2.43,1.8,8,0,0
http://health.data.ny.gov/resource/hbu9-xsrx/,http://health.data.ny.gov/resource/hbu9-xsrx/456,DELAWARE,MEREDITH,Basement,28,3.7,2.45,2.47,20.7,20,7,1
http://health.data.ny.gov/resource/hbu9-xsrx/,http://health.data.ny.gov/resource/hbu9-xsrx/457,DELAWARE,MEREDITH,1st Floor,21,2.2,1.1,4,7.6,16,5,0
http://health.data.ny.gov/resource/hbu9-xsrx/,http://health.data.ny.gov/resource/hbu9-xsrx/458,DELAWARE,MIDDLETOWN,Basement,42,7.44,2.79,3.41,102.4,28,11,3
http://health.data.ny.gov/resource/hbu9-xsrx/,http://health.data.ny.gov/resource/hbu9-xsrx/459,DELAWARE,MIDDLETOWN,1st Floor,29,2.61,1.33,3.03,15.6,24,5,0
http://health.data.ny.gov/resource/hbu9-xsrx/,http://health.data.ny.gov/resource/hbu9-xsrx/460,DELAWARE,ROXBURY,Basement,41,13.01,5.93,3.7,72.5,17,15,9
http://health.data.ny.gov/resource/hbu9-xsrx/,http://health.data.ny.gov/resource/hbu9-xsrx/461,DELAWARE,ROXBURY,1st Floor,32,5.33,1.99,3.97,62.6,21,10,1
http://health.data.ny.gov/resource/hbu9-xsrx/,http://health.data.ny.gov/resource/hbu9-xsrx/462,DELAWARE,SIDNEY,Basement,111,5.81,2.96,3.13,104.6,71,35,5
http://health.data.ny.gov/resource/hbu9-xsrx/,http://health.data.ny.gov/resource/hbu9-xsrx/463,DELAWARE,SIDNEY,1st Floor,85,2.36,1.54,2.64,16.5,71,14,0
http://health.data.ny.gov/resource/hbu9-xsrx/,http://health.data.ny.gov/resource/hbu9-xsrx/464,DELAWARE,STAMFORD,Basement,32,4.88,2.97,2.98,26.1,16,14,2
http://health.data.ny.gov/resource/hbu9-xsrx/,http://health.data.ny.gov/resource/hbu9-xsrx/465,DELAWARE,STAMFORD,1st Floor,29,4.23,1.69,3.63,31.6,22,5,2
http://health.data.ny.gov/resource/hbu9-xsrx/,http://health.data.ny.gov/resource/hbu9-xsrx/466,DELAWARE,TOMPKINS,Basement,10,6.57,3.28,3.71,20.5,6,3,1
http://health.data.ny.gov/resource/hbu9-xsrx/,http://health.data.ny.gov/resource/hbu9-xsrx/467,DELAWARE,TOMPKINS,1st Floor,12,4.03,2.19,2.82,23.1,9,2,1
http://health.data.ny.gov/resource/hbu9-xsrx/,http://health.data.ny.gov/resource/hbu9-xsrx/468,DELAWARE,WALTON,Basement,103,11,5.43,3.32,180.4,39,53,11
http://health.data.ny.gov/resource/hbu9-xsrx/,http://health.data.ny.gov/resource/hbu9-xsrx/469,DELAWARE,WALTON,1st Floor,118,3.13,1.66,3.33,19.4,90,28,0
http://health.data.ny.gov/resource/hbu9-xsrx/,http://health.data.ny.gov/resource/hbu9-xsrx/470,DUTCHESS,AMENIA,Basement,25,10.25,6.26,3.59,44.8,5,17,3
http://health.data.ny.gov/resource/hbu9-xsrx/,http://health.data.ny.gov/resource/hbu9-xsrx/471,DUTCHESS,AMENIA,1st Floor,14,5.69,2.89,4.36,14.8,7,7,0
http://health.data.ny.gov/resource/hbu9-xsrx/,http://health.data.ny.gov/resource/hbu9-xsrx/472,DUTCHESS,BEACON,Basement,56,4.65,2.75,3.36,21.2,33,21,2
http://health.data.ny.gov/resource/hbu9-xsrx/,http://health.data.ny.gov/resource/hbu9-xsrx/473,DUTCHESS,BEACON,1st Floor,32,1.5,0.83,3.44,7.1,30,2,0
http://health.data.ny.gov/resource/hbu9-xsrx/,http://health.data.ny.gov/resource/hbu9-xsrx/474,DUTCHESS,BEEKMAN,Basement,97,8.84,5.27,2.78,86.2,36,51,10
http://health.data.ny.gov/resource/hbu9-xsrx/,http://health.data.ny.gov/resource/hbu9-xsrx/475,DUTCHESS,BEEKMAN,1st Floor,33,3.98,2.43,3.23,11.3,20,13,0
http://health.data.ny.gov/resource/hbu9-xsrx/,http://health.data.ny.gov/resource/hbu9-xsrx/476,DUTCHESS,CLINTON,Basement,66,10.22,5.77,2.88,72.6,20,40,6
http://health.data.ny.gov/resource/hbu9-xsrx/,http://health.data.ny.gov/resource/hbu9-xsrx/477,DUTCHESS,CLINTON,1st Floor,22,4.38,2.76,2.84,17.4,14,8,0
http://health.data.ny.gov/resource/hbu9-xsrx/,http://health.data.ny.gov/resource/hbu9-xsrx/478,DUTCHESS,DOVER,Basement,34,10.44,4.98,3.98,49.9,14,15,5
http://health.data.ny.gov/resource/hbu9-xsrx/,http://health.data.ny.gov/resource/hbu9-xsrx/479,DUTCHESS,DOVER,1st Floor,16,3.51,1.64,4.44,12,11,5,0
http://health.data.ny.gov/resource/hbu9-xsrx/,http://health.data.ny.gov/resource/hbu9-xsrx/480,DUTCHESS,E. FISHKILL,Basement,362,7.65,4.6,2.9,71.6,149,183,30
http://health.data.ny.gov/resource/hbu9-xsrx/,http://health.data.ny.gov/resource/hbu9-xsrx/481,DUTCHESS,E. FISHKILL,1st Floor,119,3.17,1.68,3.56,21.8,91,27,1
http://health.data.ny.gov/resource/hbu9-xsrx/,http://health.data.ny.gov/resource/hbu9-xsrx/482,DUTCHESS,FISHKILL,Basement,132,4.95,2.9,3.03,31.3,80,48,4
http://health.data.ny.gov/resource/hbu9-xsrx/,http://health.data.ny.gov/resource/hbu9-xsrx/483,DUTCHESS,FISHKILL,1st Floor,37,1.52,0.94,3.08,5.1,35,2,0
http://health.data.ny.gov/resource/hbu9-xsrx/,http://health.data.ny.gov/resource/hbu9-xsrx/484,DUTCHESS,HYDE PARK,Basement,215,6.22,4.29,2.67,33.3,87,124,4
http://health.data.ny.gov/resource/hbu9-xsrx/,http://health.data.ny.gov/resource/hbu9-xsrx/485,DUTCHESS,HYDE PARK,1st Floor,85,2.52,1.38,3.26,29.6,71,13,1
http://health.data.ny.gov/resource/hbu9-xsrx/,http://health.data.ny.gov/resource/hbu9-xsrx/486,DUTCHESS,LA GRANGE,Basement,233,8.56,4.84,3.08,135.2,93,119,21
http://health.data.ny.gov/resource/hbu9-xsrx/,http://health.data.ny.gov/resource/hbu9-xsrx/487,DUTCHESS,LA GRANGE,1st Floor,86,3.16,1.79,3.35,18.9,64,22,0
http://health.data.ny.gov/resource/hbu9-xsrx/,http://health.data.ny.gov/resource/hbu9-xsrx/488,DUTCHESS,MILAN,Basement,20,9,5.91,2.81,29.1,6,12,2
http://health.data.ny.gov/resource/hbu9-xsrx/,http://health.data.ny.gov/resource/hbu9-xsrx/489,DUTCHESS,MILAN,1st Floor,8,2.55,1.28,4.57,6.9,6,2,0
http://health.data.ny.gov/resource/hbu9-xsrx/,http://health.data.ny.gov/resource/hbu9-xsrx/490,DUTCHESS,NORTHEAST,Basement,16,9.1,4.91,3.57,30.2,7,7,2
http://health.data.ny.gov/resource/hbu9-xsrx/,http://health.data.ny.gov/resource/hbu9-xsrx/491,DUTCHESS,NORTHEAST,1st Floor,9,3.41,1.02,5.84,17.7,7,2,0
http://health.data.ny.gov/resource/hbu9-xsrx/,http://health.data.ny.gov/resource/hbu9-xsrx/492,DUTCHESS,PAWLING,Basement,71,4.75,3.07,2.76,27.8,41,28,2
http://health.data.ny.gov/resource/hbu9-xsrx/,http://health.data.ny.gov/resource/hbu9-xsrx/493,DUTCHESS,PAWLING,1st Floor,17,2.72,1.24,4.1,17,13,4,0
http://health.data.ny.gov/resource/hbu9-xsrx/,http://health.data.ny.gov/resource/hbu9-xsrx/494,DUTCHESS,PINE PLAINS,Basement,41,16.14,8.75,3.49,69.1,8,22,11
http://health.data.ny.gov/resource/hbu9-xsrx/,http://health.data.ny.gov/resource/hbu9-xsrx/495,DUTCHESS,PINE PLAINS,1st Floor,22,4.89,3,3.42,14.6,11,11,0
http://health.data.ny.gov/resource/hbu9-xsrx/,http://health.data.ny.gov/resource/hbu9-xsrx/496,DUTCHESS,PLEASANT VALLEY,Basement,131,9.07,5.59,2.93,36.6,47,71,13
http://health.data.ny.gov/resource/hbu9-xsrx/,http://health.data.ny.gov/resource/hbu9-xsrx/497,DUTCHESS,PLEASANT VALLEY,1st Floor,50,6.08,2.57,4.12,61.1,30,19,1
http://health.data.ny.gov/resource/hbu9-xsrx/,http://health.data.ny.gov/resource/hbu9-xsrx/498,DUTCHESS,POUGHKEEPSIE,Basement,1084,5.52,3.42,2.84,96.4,565,488,31
http://health.data.ny.gov/resource/hbu9-xsrx/,http://health.data.ny.gov/resource/hbu9-xsrx/499,DUTCHESS,POUGHKEEPSIE,1st Floor,308,2.59,1.53,3.05,20.7,253,54,1
http://health.data.ny.gov/resource/hbu9-xsrx/,http://health.data.ny.gov/resource/hbu9-xsrx/500,DUTCHESS,RED HOOK,Basement,139,7.46,3.98,3.19,120.9,65,68,6
